标准答案,题干,选项A,选项B,选项C,选项D,选项E
D,与舌没有直接联系的脏是,肝,心,脾,肺,肾
A,生产、销售劣药的，没收违法生产、销售的药品和违法所得，并处违法生产、销售药品货值金额,1倍以上3倍以下的罚款,1倍以上5倍以下的罚款,2倍以上3倍以下的罚款,2倍以上5倍以下的罚款,3倍以上5倍以下的罚款
B,患儿男性，4岁，因“发热4天，高热持续，头痛剧烈，呕吐频繁，颈背强直，烦躁谵语，四肢抽搐”来诊。患儿喉中痰鸣，唇干渴饮，溲赤便结，舌质红绛，苔黄厚，脉数有力，指纹紫滞。治疗应首选的方剂是,犀角地黄汤,清瘟败毒饮,羚角钩藤汤,安宫牛黄丸,镇肝熄风汤
A,《素问·脉要精微论》认为，数脉主病是(   ),烦心,病进,阳盛,气高,气衰
B,补中益气汤中的君药是,白术,黄芪,当归,人参,柴胡
B,既可固表止汗，又可益气、除热的药物是,麻黄根,浮小麦,糯稻根须,五味子,五倍子
B,急惊风病位在,心脾,心肝,肝肾,肝脾,心肾
C,哪种肝炎病毒所致的急性肝炎最易转为慢性,甲肝病毒,乙肝病毒,丙肝病毒,丁肝病毒,戊肝病毒
E,四逆汤与四逆散二方组成中均含有的药物是,柴胡,枳实,干姜,芍药,甘草
C,正常成人每昼夜尿量范围是,1500～2500mL,1500～3000mL,1000～2000mL,2000～3000mL,2000～2500mL
A,下列符合房性早搏心电图表现的是,P'波提前出现，与窦性P波不同,代偿间期完全,QRS大于0.12s,提前出现的QRS波群无提前出现的P'波,P'-R间期小于0.12s
C,小儿常见的发病原因不包括,外感六淫,饮食内伤,情志所伤,胎产损伤,禀赋因素
D,关于求医行为，哪项最正确,求医行为的人肯定自觉有病,一个人身体出现病变时就会产生求医行为,求医行为主要取决于疾病的性质,求医行为受多种心理、社会因素的影响,以上都不是
C,桑白皮除泻肺平喘功效外，具有的功效是,降逆止呕,燥湿化痰,利水消肿,利尿通淋,清热利湿
B,患者，男，29岁，脘腹痞满胀痛，嗳腐吞酸，恶心呕吐，大便泄泻，舌苔厚腻，脉滑，宜首选,山楂配五倍子,山楂配莱菔子,山楂配青皮,山楂配佛手,山楂配麦芽
D,11个月男婴，于10月份发生水泻，伴发热、轻咳、呕吐。大便镜检见脂肪滴，白细胞0～2／HP。其最常见的病原体为(）,柯萨奇病毒,腺病毒,埃可病毒,轮状病毒,诺沃克病毒
A,患儿，出生3天。精神萎软，气弱声低，吮乳无力。查体：身长43cm，体重2100g。应首先考虑的诊断是,胎怯,疳证,五迟,口软,肌肉软
C,具有活血止痛、行气解郁、凉血清心、利胆退黄功效的药物是,丹参,川芎,郁金,益母草,玄参
A,既能解表散寒，祛风止痛，通鼻窍，又能燥湿止带、消肿排脓的药物是,白芷,荆芥,防风,苍术,羌活
C,太阴病的主要临床表现是,食纳减少,胸下结硬,腹满而吐,腹中冷痛,自利不渴
E,丈夫三八，则,肾气盛，齿更发长,肾气盛，天癸至,肾气实，发长齿更,筋骨坚，发长极，身体盛壮,肾气平均，筋骨劲强
A,主管生长发育是气的,推动作用,温煦作用,防御作用,固摄作用,气化作用
A,伤寒的特征性皮疹是,玫瑰疹,荨麻疹,斑疹,丘疹,斑丘疹
B,在药物治疗中，临床医生应遵循的道德要求不包括,节约费用，公正分配,积极使用贵重药物,对症下药，剂量适宜,根据患者的病情选择药物,合理配伍，预防药源性疾病
C,既能凉血止血，又能清热利尿，清肺胃热的药物是,大蓟,小蓟,白茅根,地榆,槐花
A,公民人人享有平等的生命健康权，这项患者权利是,平等医疗权,自主权,知情同意权,保密权,隐私权
D,下列不符合脊椎结核X线诊断依据的是,椎体骨质破坏,椎间隙变窄,椎旁软组织肿胀,骨质增生硬化,椎体骨质变形
C,“气之根”是指,脾,胃,肾,肝,肺
B,中枢性面瘫与周围性面瘫鉴别的关键是,口角是否下垂,眼睑是否闭合障碍,鼻唇沟是否变浅,是否能鼓腮,伸舌有无偏斜
D,以下哪项不是火热之邪造成的病证(   ),肿,水液浑浊,躁狂越,首如裹,呕吐酸
C,脊柱前凸的好发部位是,颈段脊柱,胸段脊柱,腰段脊柱,骶椎,腰、骶段
C,16世纪提出血液循环理论的西班牙医生是,希波克拉底,阿维森纳,塞尔维特,南丁格尔,野口英世
E,灯心草除有利水通淋作用外，还能,清热排脓,清肝明目,清解暑热,清热利水,清心除烦
C,棕榈炭的功效是,收敛止血，消肿生肌,收敛止血，化瘀利尿,收敛止血，止泻止带,收敛止血，止痢,收敛止血，补虚截疟
C,伏暑，症见寒热似疟，口渴心烦，脘痞，身热午后较重，入暮尤剧，天明得汗诸症稍减，但胸腹灼热不除，苔黄白而腻，脉弦数，治宜(    ),黄芩汤,黄连温胆汤,蒿芩清胆汤,青蒿鳖甲汤,雷氏宣透膜原法
B,小儿头发稀疏黄软，生长迟缓，甚至久不生发，多因,气血亏虚,先天不足,疳积,血虚受风,肾虚
C,治疗厌食脾胃气虚证的最佳方剂为,理中汤,补中益气汤,异功散,人参五味子汤,参苓白术散
C,舌之两侧所候脏腑一般是,肺,心,肝胆,脾胃,肾
D,关于心前区震颤的叙述，正确的是,狭窄越重，震颤越强,有震颤，不一定能听到杂音,听到杂音，一定可触及震颤,触及震颤，提示心脏有器质性病变,产生机制与杂音的机制不同
C,木香具有的功效是,疏肝理气，调经止痛,行气止痛，温肾散寒,调理脾胃，行气止痛,疏肝理气，纳气平喘,疏肝解郁，燥湿化痰
E,行为人实施违反刑事法律的行为必须承担的法律责任称为,危害行为,行政行为,民事责任,行政责任,刑事责任
E,治疗五迟、五软证肝肾亏损型的首选方剂是（   ）,鹿角胶丸,加味金刚丸,虎潜丸,左归饮,加味六味地黄丸
B,五脏与五窍的关系密切，其中肾开窍于,鼻,耳,口,舌,目
D,腹痛一般不伴休克的是,十二指肠溃疡穿孔,急性心肌梗死,胃溃疡出血,泌尿系结石,中毒性菌痢
B,桂枝汤证汗出的病机是,里热炽盛，迫津外越,营卫失和，卫不固营,肠胃实热，迫津外越,阳气虚衰，卫阳不固,热郁于里，郁热上蒸
D,下列哪种形式的胆道扩张被称作Caroli病（   ）,胆总管呈球形扩张,胆总管憩室,肝外胆管成梭形扩张,肝内胆管囊状扩张,肝内外胆管扩张
C,具有平肝潜阳，镇静安神功效的药物是,琥珀,远志,龙骨,酸枣仁,合欢皮
C,心脏听诊有固定分裂，最常见的是,二尖瓣狭窄,主动脉瓣狭窄,房间隔缺损,室间隔缺损,二尖瓣关闭不全
D,独语、错语的共同病因是,风痰阻络,热扰心神,心气大伤,心气不足,痰火扰心
B,《灵枢·营卫生会》所述，下列哪项为营卫的特性(   ),营在脉外，卫在脉中,清者为营，浊者为卫,太阴主内，太阳主外,营气衰少，卫气外伐,气至阳起，至阴而止
B,具有女子先天之称的脏是,心,肝,脾,肺,肾
E,清气化痰丸的主治证是,湿痰证,燥痰证,风痰证,寒痰证,热痰证
D,下列治疗措施中，不属于胎怯西医治疗常规的是,保暖,喂养,给氧,抗感染,补充营养素
D,低热不退，手足心热甚于手足背，口干咽燥，齿黑，或心悸，或神疲多眠，耳聋，舌干绛，脉虚细。治疗方最宜选用,竹叶石膏汤,黄连阿胶汤,青蒿鳖甲汤,加减复脉汤,三甲复脉汤
D,流行性腮腺炎邪毒壅阻的经脉是,手少阳三焦经,足太阳膀胱经,足阳明胃经,足少阳胆经,手太阳小肠经
A,心理学的研究对象是人的,心理活动和行为,情绪和行为,心理活动和观念,智力和观念,智力和情绪
E,不符合急性粟粒性肺结核粟粒结节影像特点的是,密度均匀,大小均匀,分布均匀,新旧相同,边缘均匀
C,"药物配伍具有""分经论治""特点的方剂是",败毒散,大青龙汤,九味羌活汤,独活寄生汤,羌活胜湿汤
E,“霍乱”头痛发热，身疼痛，热多欲饮水者“热多”是指：,内热偏盛,湿热较盛,阴虚较盛,热与水结较盛,"邪在阳,表不解"
B,风温热陷心包的证候是,猝然昏倒，不知人事，身热肢厥,身体灼热，肢厥，神昏谵语，或昏愦不语，舌蹇，舌色鲜绛，脉细数,身热，昏愦不语，倦卧，或兼汗多气短，脉细无力；或兼面色苍白，汗出淋漓，四肢厥冷，脉微细欲绝,身热夜甚，时有谵语，斑点隐隐，舌质红绛,四肢抽搐，不知人事，汗出厥冷
E,夏季热除特有的症状外，在其兼证中，下列哪项不符：,食欲减退,面色苍白,身体日渐消瘦,肢端欠温,精神无明显改变
B,主动脉瓣关闭不全患者心浊音界是,梨形,靴形,烧瓶形,普大型,心底部增宽
E,具有疏肝解郁，宁心安神功效的药物是,石菖蒲,远志,龙骨,酸枣仁,合欢皮
C,将全脂奶粉加水配成鲜牛奶时，按体积配制的比例是,1:02,2:01,1:04,1:06,1:08
B,乳房触诊的开始部位是,内上象限,外上象限,内下象限,外下象限,乳头
D,阳明脉衰，面始焦，发始堕,七岁,二七,三七,五七,七七
D,传统上认为某药产于某一地区药材质量最好而被普遍重视，这种药材一般指的是,特产药材,名产药材,稀有药材,道地药材,贵重药材
E,颈侧颌下有肿块如豆，累累如串珠，称为,悬饮,气胸,瘿瘤,鸡胸,瘰疬
D,夏季热初期的主要部位是,心肾,脾肾,肺脾,肺胃,肺肾
E,具有沉细无力特征的脉象是,濡脉,虚脉,细脉,微脉,弱脉
B,下列可出现心脏扩大呈靴形心的疾病是,主动脉瓣狭窄,主动脉瓣关闭不全,肺心病,二尖瓣狭窄,扩张型心肌病
B,温经汤证腹满的机理是,湿阻气机,瘀阻气机,脾虚不运,寒凝气滞,肝郁脾虚
A,防己、五加皮的共同功效是,利水消肿,杀虫解毒,清肺化痰,清热解毒,活血通络
A,患者，男，46岁。腹痛腹泻2天，日泻10余次水便，经治已缓，目前口渴心烦，皮肤干瘪，眼窝凹陷，舌淡白苔薄黄，脉细无力。其证候是,津亏,阴虚,亡阴,外燥,实热
C,下列疾病表现为黄色脑脊液的是,流行性乙型脑炎,化脓性脑膜炎,陈旧性蛛网膜下腔出血,结核性脑膜炎,脑肿瘤
B,患者，女，60岁，腰膝酸冷疼痛，小便清长，腹痛便秘，宜首选,雄黄,硫黄,蛇床子,白矾,蟾酥
C,左金丸中黄连与吴茱萸用量的配伍比例是,5:01,2:01,6:01,10:01,7:01
E,确诊急性HBV感染，最有意义的指标是,HBsAg阳性,HBeAg阳性,抗-HBe阳转,抗-HBs阳转,HBVDNA阳性
E,半夏泻心汤的组成药物中含有,细辛,大戟,甘遂,厚朴枳实,人参干姜
B,下列不符合房颤听诊特点的是,第一心音强弱不等,第二心音反常分裂,心律绝对不齐,心率快慢不一,脉搏短绌现象
B,缓脉的脉象为,一息四五至,一息四至,一息五至以上,一息七至以上,一息不足四至
D,下列哪项不属于湿热酿痰，蒙蔽心包的临床表现(    ),身热不退,神识昏蒙，似清似昧,时或谵语,手足蠕动，心中悸动,舌苔黄腻，脉濡滑数
B,二陈汤原方注明煎煮时加乌梅一个，其用意是,收敛肺气，以助排痰之力,收敛肺气，以防燥散伤正,生津润燥，以防辛燥伤阴,润肺止咳，以增止咳之效,敛肺涩肠，以防肺气下泄
C,可与金石、贝壳类等药物同用，以助其消化的药物是,谷芽,麦芽,神曲,鸡内金,山楂
A,虚劳虚烦不得眠，治用,酸枣仁汤,百合地黄汤,甘草泻心汤,栀子豉汤,桂枝加龙骨牡蛎汤
B,"""水谷气血之海""是",胆,胃,冲脉,肝,肾
D,风寒束肺型哮喘的治疗首选方是(     ),定喘汤,金匮肾气丸,麻杏石甘汤合苏葶丸,小青龙汤合三子养亲汤,人参五味子汤合玉屏风散
E,不适宜用吴茱萸汤治疗的病证是,胃中虚冷，症见食谷欲呕者,肝寒上逆，症见头痛、干呕、吐涎沫者,肾阳不足，寒气内甚，症见吐利、手足逆冷者,肝寒犯胃，症见脘腹冷痛、呕吐酸水者,脾胃阳虚，阴寒上乘，症见胸满而痛，甚至胸痛彻背者
A,湿热郁蒸肌肤可见,白痦,黄疸,神志昏迷,肌肤发疹,大便下血
E,少阳邪热内迫，肠胃俱病所致干呕而利，当选用何方治疗(   ),小柴胡汤,大黄甘草汤,半夏泻心汤,葛根芩连汤,黄芩加半夏生姜汤
D,龙胆泻肝汤的主治病证是,肝火犯胃证,胃热阴虚证,心经火热证,肝胆实火证,肺热壅盛证
A,伤寒的基本治则是(   ),治病求本，本于阴阳；祛邪扶正，分清主次；调和阴阳，以平为期,治病求本，本于阴阳；明确标本，分清缓急；调和阴阳，以平为期,治病求本，本于阴阳；祛邪扶正，分清主次；正治反治，依证而行,八法兼备，针药并用；祛邪扶正，分清主次；调和阴阳，以平为期,八法兼备，针药并用；祛邪扶正，分清主次；明确标本，分清缓急
E,痰热咳嗽的治法是,散寒宣肺,疏风肃肺,燥湿化痰,滋阴润燥,清肺化痰
E,当归具有的功效是,补血止血,活血止血,止血润肠,补血止泻,补血活血
B,止嗽散的组成中含有,半夏,百部,款冬花,杏仁,苏子
C,下列不属于动脉的脉象特征的是,应指圆滑,脉来有力,如按琴弦,脉短如豆,脉来急促
C,胸痹患者应忌食的是,辛辣、油腻、煎炸类食物,生冷食物,肥肉、脂肪、动物内脏等,鱼、虾、蟹、辛辣刺激性食物,不易消化的食物
D,桃核承气汤与大承气汤组成中均含有的药物是,丹皮、芍药,桂枝、桃仁,枳实、桃仁,芒硝、大黄,桃仁、大黄
A,偏执型人格的特点是,没有证据地怀疑他人不忠或者怀疑自己有某种疾病，并确信不疑,没有计划性的冲动行为,又称表演型人格,不遵守社会规范,主动意识下降
D,鹅口疮的原因是,猩红热,麻疹,肾上腺皮质功能减退,长期使用广谱抗生素,维生素C缺乏
A,口唇呈樱桃红色者，多属于,煤气中毒,鹅口疮,心阳虚,中风,血瘀重症
C,恶阻肝胃不和证的首选方,参苓白术散合益胃汤,补中益气汤,橘皮竹茹汤,香砂六君子汤,清胃散
B,患者，女，32岁。手臂红肿，热毒甚重，舌红苔黄，脉弦数。医生处方中有蒲公英、紫花地丁、野菊花、天花粉、白花蛇舌草五味药。野菊花与菊花相比较，错误的是,都可以清热解毒,菊花多用于治痈疽疔疖,野菊花可治疗头痛眩晕,菊花辛散力强，长于疏散风热,野菊花清热解毒力强于菊花
C,下颌关节脱位复位的主要手法是（  ）,拔伸牵引,屈伸回旋,端提捺正,足蹬膝顶,杠杆支撑
C,被誉为大众情人的水果是:,葡萄,樱桃,苹果,李子,草莓
B,属于奇经者为：,大肠经,任脉,十二经筋,十二经别,十五络
A,发热伴结膜充血的是,钩端螺旋体病,病毒性肝炎,急性胆囊炎,中毒性菌痢,肺炎球菌肺炎
C,有关肠痈的叫法，下列哪一项是错误的：,大肠痈,小肠痈,结肠痈,缩脚肠痈,盘肠痈
E,舒张早期奔马律由下列那项构成：,第一心音分裂,动脉瓣第2音分裂,二尖瓣开瓣音,心包叩击音,病理性第3心音
B,应激生理反应的神经机制主要通过以下途径调节,交感神经－肾上腺髓质轴,丘脑下部－垂体前叶－肾上腺皮质轴,丘脑下部－垂体后叶轴,丘脑下部－垂体前叶－甲状腺轴,丘脑下部－垂体后叶轴－肾上腺皮质轴
B,"男性患者王××，61岁。去年曾患有""急性广泛前壁心肌梗死""，近日心悸不安，胸闷气短，四肢发凉，面色苍白，舌淡苔白，脉象沉弱。若病情未及正治，进一步加重出现心悸喘咳，不能平卧，小便不利，下肢浮肿，畏寒肢冷，舌淡苔水滑，脉弦滑，此为",心脾两虚，血不养心,肾阳虚衰不能制水，水气凌心,脾气虚弱，健运失司,肺气不足，通调水道失司,心阳不足，心失温养
A,心源性水肿常先出现的部位是,身体低垂部位,颜面、眼睑,全身,胸腔,腹腔
C,绝骨穴是：,脏会,腑会,髓会,骨会,筋会
E,一侧眼睑闭合障碍，最可能的原因是,动眼神经麻痹,滑车神经麻痹,展神经麻痹,舌咽神经麻痹,面神经麻痹
D,肝胆实热常见的症状是：,白睛微赤,泪多清稀,白睛红赤隐隐,抱轮红赤,抱轮微红
C,某患者，女，23岁，一日洗澡时偶然发现左侧乳头下方可及一椭圆形肿块，边界清楚，推之可移，无明显疼痛，乳房局部皮肤无明显异常。上例患者首选何治疗方法,中药外敷,口服中药治疗,手术切除,抗结核治疗,调畅情志
E,肝经风热常见的症状是：,眵多硬结,眵稀不结,眵多黄稠,眵多胶粘,眵泪热如汤
C,属于心的主要功能是,调节情志,主藏血,主藏神,调节全身气机,以上均不是
A,胸痹气短，心悸，咽干口燥，神疲乏力，舌淡苔少，脉细弱，最佳方剂是：,生脉散合人参养营汤加减,参附汤合右归饮,血府逐瘀汤,乌头赤石脂丸,栝蒌薤白白酒汤
A,患者男性，35岁，上腹部间歇性疼痛二年，近日突然剧烈腹痛，伴恶心呕吐，呕吐较多剧烈，经X线检查提示有膈下游离气体。最可能的诊断是：,胃十二指肠溃疡穿孔,急性阑尾炎,急性肠梗阻,急性胆囊炎,急性胃炎
D,以产妇分娩后出现情绪低落，精神抑郁为主要症状的病症，称为,产后抑郁性精神病,产后郁冒,产后抑郁综合征,产后抑郁,以上都不是
B,千年健具有的功效是,既能祛风湿，又能清热解毒,既能祛风湿，又能强筋骨,既能祛风湿，又能清虚热,既能祛风湿，又能凉血消肿,既能祛风湿，又能利关节
C,黄芩、黄连、黄柏同用的方剂,清营汤,凉膈散,黄连解毒汤,普济消毒饮,当归拈痛汤
A,治痰剂中常配伍的药物是,理气药,清热药,平肝药,补益药,温里药
B,治疗肝郁型月经先后无定期的代表方是,金铃子散,逍遥散,丹栀逍遥散,柴胡疏肝散,定经汤
B,最早设妇科专篇的医著是,《黄帝内经》,《金匮要略》,《脉经》,《千金要方》,《景岳全书》
A,单踝骨折，距骨无移位属于(   ),Ⅰ度踝部骨折,Ⅱ度踝部骨折,Ⅲ度踝部骨折,Ⅳ度踝部骨折,以上都不是
D,早期胃癌首选治疗措施为,放疗,化疗,免疫治疗,手术,内镜下治疗
A,保守医疗秘密的两方面内容是指,为病人保密与对病人保密,为医院保密与对同事保密,为病人保密与对病人家属保密,为病人家属保密与对病人家属保密,为病人家属保密与对病人保密
B,女患者，产后1周，饮食如常，大便干燥，解时艰涩难下，腹不胀痛。舌淡苔薄白脉虚而涩。治法应为：,益气通便,养血润燥,泻火通便,健脾通便,温肾扶阳
A,眼病初起，星翳点点，红赤流泪，当治以（　　）。,疏风清热法,退翳明目法,泻火解毒法,祛风散寒法,
B,女患者，证见月经四、五十日一行，量少、色淡红，无血块，头晕眼花，心悸少寐，面色苍白，舌淡红，脉细弱。证属：,气虚,血虚,脾虚,气血两虚,心脾两虚
C,干咳少痰，气惴短气，咽干口燥，舌干红少苔，脉虚数，治宜,泻白散,苇茎汤,麦门冬汤,桑杏汤,桑菊饮
D,症见身热甚，迁延缠绵，微恶风寒，肢体酸重疼痛，多因,风邪,寒邪,暑邪,湿邪,以上均不是
D,不影响氯化消毒效果的因素是,加氯量,浑浊度,接触时间,混凝剂种类,水温
C,舌苔骤然消退，舌上无新生舌苔者，属,邪气渐盛,表邪入胃,胃气暴绝,正气胜邪,内邪消散
E,患者，男，咽部疼痛5天，逐渐加剧，有跳动感，吞咽困难，语言含糊，咽部左侧软腭红肿高突，按之软，悬雍垂被推向对侧，左颌下可触及肿大淋巴结。全身有高热，头痛，溲赤便秘，舌质红，苔黄腻，脉数。本病西医诊断为：,咽后脓肿,咽旁脓肿,急性化脓性扁桃体炎,扁桃体肿瘤,扁桃体周围脓肿
B,儿科第一部关于痘疹的专著是：,《小儿痘疹方论》,《小儿斑疹备急方论》,《小儿病原方论》,《幼幼新书》,《活幼心书》
C,脓耳口眼斜属气血亏虚、瘀阻脉络者，应选用哪个方剂：,复元活血汤,通窍活血汤,补阳还五汤,桃红四物汤,牵正散
E,下列哪一项不是实用交流能力的训练方法所强调的内容,常用的原则,传递性的原则,交流策略的原则,交流的原则,反馈原则
A,为将尺、桡骨间隙最大限度地分离，恢复骨间膜的紧张度，常用的手法是(   )。,分骨手法,拔伸手法,折顶手法,挤按手法,回旋手法
C,重度有机磷中毒，全血胆碱酯酶活力在,70%以下,50%以下,30%以下,20%以下,10%以下
A,患者，女，38岁。热入营阴，心神被扰。身热夜甚，心烦不寐，渐有神昏谵语之势，舌绛，脉细数。首选药组是,生地黄、玄参、牡丹皮、赤芍,桑寄生、杜仲、怀牛膝、续断,青蒿、白薇、地骨皮、桑白皮,黄芩、黄连、黄柏、栀子,金银花、穿心莲、贯众、重楼
C,患者，男，23岁。3天前无明显诱因出现咳嗽、咯痰，痰中带血丝。胸部X线检查示：右肺尖部斑片状阴影，边缘模糊，周围见少许斑点及条索状阴影。首先应考虑的诊断是,肺癌,小叶性肺炎,肺结核,肺脓肿,支气管炎
D,下列腧穴属于足阳明胃经的是：,上关,阳白,和髎,下关,睛明
B,除近治作用、远治作用外，腧穴的主治特点还包括,调和作用,特殊作用,平衡作用,疏通作用,扶正作用
E,"""脑转耳鸣，胫疫眩冒，目无所见，懈怠安卧""是由于哪一脏的虚损引起的",心,肝,脾,肺,肾
B,预后最差的肺癌是,鳞形细胞癌,小细胞癌,腺癌,大细胞癌,细支气管肺泡癌
D,手少阳三焦经与手厥阴心包经的交接部位是,拇指端,食指端,中指端,无名指端,小指端
E,郄穴的主治范围是：,外经病为主,脏病为主,腑病为主,慢性病为主,本经、本脏腑的急性病
C,胎漏肾虚证的治法是,活血祛瘀，补肾安胎,补气养血，固肾安胎,补肾健脾，益气安胎,清热凉血，养血安胎,调和气血，安胎
A,下列哪项对记忆的理解是错误的,对识记的事物不能再认或回忆，只有通过重新学习才能再认或回忆的现象是暂时性遗忘,是一种很重要的心理过程，贯穿在人的各种心理活动之中,包括识记、保持和遗忘、回忆和再认三个基本环节,保持过程体现了人脑对识记材料的主动加工,直观的、形象的、有意义的材料比抽象的、枯燥的材料识记效果好
D,"患者男,68岁。有高血压病史,糖尿病病史,2个月前于家中突发言语不能,肢体乏力,送到医院后CT显示左侧基底节区梗死。病情稳定后即开始介入康复治疗。现患者可独立站稳,可动态维持身体稳定,但不能对抗外界干扰,上肢可摸到后背;被动活动股四头肌时,可在全范围内感受到中等阻力,但仍可完成被动活动;患者画钟试验表现为只画出左侧钟面及数字。理解力正常,但表达能力不畅,呈现出电报式语言,复述困难,提示下可引出正确回答,请根据以上病史回答下列问题。患者目前上肢功能对应的Brunnstrom分期应为",1期,2期,3期,4期,5期
D,异位妊娠已破损期休克型的治法,回阳救逆,养阴生津,活血化瘀,益气固脱，活血化瘀,破血通络
D,关于牙痛的治疗，以下哪项是错误的：,近部取穴和远部取穴相结合,主取手足阳明经穴,主穴是合谷、颊车、下关,实火牙痛者，加行间、太溪,毫针刺，酌情补泻
E,组成内不含麝香的方是,安宫牛黄丸,紫雪,至宝丹,回阳救急汤,犀角地黄汤
A,月经后期常与月经过少并见，其共同病因病机有,血虚,气虚,血瘀,气滞,虚寒
E,孕后小腹冷痛，绵绵不止，形寒肢冷，中医辨证为：,气郁,血瘀,气阴两虚,血虚,虚寒
D,易发生骨折延迟愈合的骨折是(   ),股骨粗隆间骨折,股骨颈基底部骨折,腕舟骨结节部骨折,股骨颈头下型骨折,胫骨上1/3骨折
E,患者，女，20岁，未婚。月事非时而下，量多如崩，色鲜，质稠，伴心烦，口渴欲饮，便干溲黄，面部痤疮，舌红苔薄黄，脉细数。根据治崩三法，应首选的是：,塞流,澄源,复旧,调经为本,塞流，澄源并进
D,患者宫内置环后经量过多，行经延长，伴潮热，手足心热，咽干口燥，方选,失笑散,清经散,举元煎,二至丸,止血散
C,某女，30岁，已婚，因半月前施宫内置环术后，至今经血不止，且量多，经色黯红，行经不畅，伴发热，大便干，小便黄，心烦口渴，舌红苔薄，脉弦数。其病机是,素体虚弱，中气不足，冲任不能制约经血,环卧子宫，寒邪乘虚而入，蕴久化热，热扰冲任,环卧子宫，损伤冲任、胞脉，瘀阻子宫，瘀久化热，热扰冲任,素体肾气不足，阴血亏耗，阴虚内热,忧思过度，损伤心脾，营血不足，冲任失固
E,患者，女，46岁。半年来头皮、四肢出现皮损，色焮红，瘙痒，鳞屑增多，有筛状出血点，喜凉怕热，便干尿黄，舌红苔黄，脉滑数。具证候是,血虚肝旺,火毒炽盛,湿热蕴积,血热,风热
B,月经后期、月经过少的虚证的共同病机是,肾虚,血虚,血瘀,气滞,血寒
C,妇产科最早独立分科于：,汉代,唐代,宋代,元代,明代
C,妊娠晚期，头晕头重，胸闷泛恶，突然倒仆，全身抽搐，气粗痰鸣；舌红苔黄腻，脉弦滑数。其证候是,气滞血瘀,肝风内动,痰火上扰,脾虚肝旺,气血虚弱
A,沈某，男，72岁，有消渴病史20余年，昨日受凉后出现身热，微恶寒，少汗，头昏，心烦，口干，干咳无痰，舌红苔少，脉细数。若该病人失治误治，可转变为：,风温肺热,水肿,目盲,肺痨,肺胀
C,下列除哪一项外均为喘证的特征,呼吸困难,张口抬肩,胸高胀满,鼻翼煽动,不能平卧
B,患者，男性，68岁，有2年高血压病史。文化程度大专，工程师。主诉记忆力减退3年，出现幻觉1个月。查体：BP150／90mini-{g，神志清楚，语言流利，远、近记忆明显减退，空间定向力减退。四肢肌力、肌张力正常，病理反射未引出。头颅MPd见颞叶脑萎缩。患者可能处于痴呆的哪一期,早期,中期,晚期,中晚期,超早期
B,下述痰火上扰经行情志异常的主证中，哪项是错误的：,经行狂躁不安,不思饮食,头痛失眠,心胸烦闷,面红目赤
B,行气活血法适用于：,肾子上或阴茎上慢性结节，皮色不变，亦不疼痛,肾子硬结，少腹或会阴胀痛，排尿困难或闭塞不通，舌黯或有瘀点瘀斑,阴囊红肿热痛，肾子肿痛，尿急尿频，尿液黄赤，茎中热痛，精浊赤浊，苔黄腻,腰膝酸痛，头目眩晕，健忘少寐，五心烦热，阳事易兴，小溲黄热而淋漓不爽，舌红苔少,腰膝冷痛，形寒肢冷，性欲减退，阳痿遗精，小便频数，遗尿不禁，囊内积水，舌淡脉细弱
A,女子乳头属：,肝,心,肾,脾,胃
E,表虚易感风邪，宜选用,参苏饮,新加香薷饮,葱豉桔梗汤,加减葳蕤汤,玉屏风散
C,关于外生殖器下列哪项是错误的：,阴阜为耻骨联合前面隆起的脂肪垫,巴氏腺又称前庭大腺,处女膜多在初次性交时破裂，形成处女膜痕,阴蒂位于两侧小阴唇顶端的联合处,阴道前庭前有尿道口，后有阴道口
C,患者，女，25岁，已婚。近半年来常感小腹部隐痛，拒按，痛连腰骶，劳累时加重，带下量多，色黄，质粘稠，胸闷纳呆，口干便秘，小便黄赤，舌体胖大，色红，苔黄腻，脉滑数。治疗应首选,膈下逐瘀汤,少腹逐瘀汤,银甲丸,理冲汤,止带方
E,以下均为乳房检查望诊的内容，除了：,乳房形状、对称与否,乳房表面有无突起和凹陷,乳头有无内陷，有无溢液等,乳房皮肤有无发红、水肿和橘皮样改变,腋窝淋巴结有无肿大
A,形盛气虚者的表现为,肥而食少,胖而能食,形瘦食多,形瘦食少,骨瘦如柴
C,在超短波进行微热量治疗时，大功率治疗仪浅作用时电极皮肤间隙为,1～2cm,2～3cm,3～4cm,4～5cm,5～6cm
B,感觉检查中的浅感觉检查包括的内容是（  ）,痛觉；位置觉；温度觉,痛觉；温度觉；触觉,震动觉；痛觉触觉,痛觉；实体觉；触觉,位置觉；震动觉；实体觉；触觉
B,脾气虚弱，中气下陷，冲任不固导致胎、产、崩、伤诸病，代表方剂为,八珍汤,补中益气汤,归脾汤,十全大补汤,六君子汤
A,三宝养生论中的“三宝”是指：,精气神,气血津,心肝肾,神魂魄,以上均不是
A,天麻钩藤饮主治证见,头痛，眩晕，失眠，舌红苔黄，脉弦,口眼歪斜，舌强不能言语，手足不能运动,头痛，恶寒发热，眩晕鼻塞，苔薄白，脉浮,头痛，眩晕，胸闷呕恶，苔白腻，脉弦滑,头目眩晕，目胀耳鸣，面色如醉，口角歪斜，脉弦长有力
B,茵陈蒿汤可治,腹泻,黄疸,失眠,崩漏,自汗
B,患者，男，23岁。高热，流清涕，咽痛，肢体酸痛，舌淡白，脉弦数。用药的煎服方法中错误的是,武火煮开，再用文火煮15分钟左右,处方中的胶类药物应该烊化,"芳香如""薄荷""等药物应该后下",煎药用水可使用长流水,本病服药可一日2剂
E,预防乙型脑炎流行的主要措施是,及时发现病人，及时治疗、隔离,管理好主要传染源的易感家畜，尤其注重对猪的管理,防蚊、灭蚊,预防接种乙脑疫苗,防蚊、灭蚊及易感人群预防接种为主的综合性预防措施
E,前臂旋前、旋后作业训练是,打字,书法,下棋,捏饺子,拧龙头
C,头穴中，额旁2线主治下列哪类疾病：,肩、臂、手等疾患,皮层性视力障碍、白内障、近视眼,急慢性胃炎、肝胆疾病,腰腿病证,冠心病、心绞痛、气管炎
A,治疗滞产，应首选：,合谷,太冲,足三里,血海,至阴
B,腰椎间盘突出症患者的背伸肌力减弱或消失，提示受压的神经根最可能是（  ）,骶1,腰5,腰4,腰3,腰2
B,下列哪项病症易与肾气虚相关,妊娠腹痛,月经先后无定期,癥瘕,经行吐衄,妊娠恶阻
D,“疳者甘也”的含义是指,病证,病位,病情,病因,症状
A,阳维脉的郄穴是：,阳交,阳辅,阳陵泉,阳关,阳溪
B,患者自觉口中有苦味者，属,肝胃郁热,心火上炎,燥热津伤,脾胃湿热,脾胃虚弱
C,具有温补气血，缓急止痛的方是,小建中汤,大建中汤,当归建中汤,黄芪建中汤,吴茱萸汤
A,下合穴最多的经脉是：,足阳明胃经,足太阳膀胱经,足少阳胆经,手太阳小肠经,足太阴脾经
E,首位对方剂配伍关系进行解释的医家是,张仲景,程钟龄,孙思邈,吴鞠通,成无己
C,治疗气血不足型便秘的组穴首选：,合谷、曲池、腹结、上巨虚,肾俞、关元俞、气海、石关,脾俞、大肠俞、关元、足三里,中脘、阳陵泉、气海、行间,大横、上巨虚、内庭、支沟
D,某翁年过七旬，素体丰盛，眩晕常作，近日眩晕加重，头胀痛，烦躁，神志清楚，面色潮红，手足有轻微震颤，舌红少苔，脉弦。首当考虑：,风中经络,肝阳头痛,中风阳闭,中风先兆,颤证
B,《中华人民共和国中医药条例》明确对中医药发展的政策是国家,保护、支持、发展中医药事业,保护、扶持、发展中医药事业,保护、发展中医药事业,扶持、发展中医药事业,积极保护中医药事业
E,"某女，58岁。两年前曾患""中风""经治已愈，之后逐渐出现善忘呆滞，言语模糊不清，行为古怪，孤僻，时哭时笑，诊见两目暗晦、舌暗、脉细涩。其辨证为",风痰瘀阻,气虚络瘀,痰浊蒙窍,髓海不足,瘀血内阻
B,患者手足冷痛，月经延期，行经时少腹拘急疼痛，月经色紫黯有血块，脉沉弦迟，证属,血瘀证,血寒证,血虚证,气滞血瘀证,血热证
C,通过浮髌试验可以明确诊断的是,髌骨有无骨折,膝关节滑膜炎,膝关节腔积液,膝腱反射,膝关节活动度
D,患者呼吸微弱，汗出不止，面色苍白，口开目合，手撒身软，二便失禁，脉微欲绝，舌淡苔白，证属,气陷,亡阳,亡阴,气脱,血脱
A,苔黄而质腻多见于,食积化热,热入营分,寒湿内停,痰饮阻滞,外感风寒
E,王某，女性，40岁。发热微恶寒，咳嗽，咳黏液痰或黏液脓性痰，痰量由少渐多，胸痛，咳时尤甚，呼吸不利，口干鼻燥，舌苔薄黄或薄白，脉浮数而滑。若内热转甚，身热，恶寒不显，咳痰黄稠，口渴者，酌加以清肺泄热，加哪组药物效果更好,黄芩、黄连、功劳叶、青蒿,地骨皮、瓜蒌、大黄、葶苈子,郁金、赤芍、丹皮、乳香,白薇、冬瓜仁、石膏、知母,石膏、黄芩、鱼腥草
B,糖尿病酮症酸中毒患者呼出的气味是,蒜臭味,烂苹果味,氨味,酸味,血腥味
D,患者，男，49岁。素有高血压，近月余眩晕、耳鸣、头目胀痛，伴口苦心烦，失眠多梦，遇情志不遂而加重，心悸易怒，舌红苔黄，脉弦数。其选方为,银翘散,镇肝熄风汤,龙胆泻肝汤,天麻钩藤饮,滋肾通关丸
A,阳虚发热证的特点,发热欲近衣，形寒怯冷,午后潮热或五心烦热,发热多为低热或潮热，常随情绪波动而起伏,低热为主，伴头晕眼花，心悸、乏力,午后或夜间发热或身体某部位发热
B,王某，男，56岁。平素咳嗽咳痰，刻下症见头痛，昏蒙，胸脘满闷，呕恶痰涎，苔白腻，脉滑。治则宜,平肝潜阳,化痰降逆,养血为主,养阴补肾,以上都不是
A,清燥救肺汤体现了八法中的哪几法,宣、清、润、补、降,温、宣、清、润、降,和、汗、下、消、补,下、消、清、润、补,汗、下、消、补、降
E,患者，男.53岁。久病喘咳，现喘促短气，气怯声低，喉有鼾声，咳声低弱，痰吐稀薄，自汗畏风，烦热口渴，舌淡红，脉软弱。方药宜用生脉散合,玉屏风散,养阴清肺汤,沙参麦门冬汤,补中益气汤,补肺汤
E,痰浊阻滞型心悸的治法是,镇惊定志、养心安神,补血养心，益气安神,滋补肝肾，养心安神,活血化瘀、理气通络,理气化痰，宁心安神
C,小便赤涩灼痛，兼面赤口渴，心烦不寐，便干，舌红脉数，最宜诊断为,心火亢盛证,膀胱湿热证,心火下移证,阴虚火旺证,下焦湿热证
A,对真寒假热应采用的治疗法则是,热因热用,寒因寒用,塞因塞用,通因通用,虚则补之
A,《灵枢·百病始生》认为邪中人出现“洒淅喜惊”，为邪传舍于,经脉,络脉,冲脉,皮肤,腧穴
B,麦门冬汤与止嗽散组成中均含有的药物是,大枣,甘草,前胡,贝母,麦冬
C,下列哪项不属于六淫的致病特点,季节性,环境性,传染性,外感性,转化性
D,李某某，男，26岁。2011年8月6日初诊。主诉腹胀、身黄2天。患者在发病1年前突然出现皮肤、目睛发黄，小便黄赤，右胁疼痛，厌油纳差，恶心欲吐，倦怠无力，曾在某医院治疗，症状消失出院。1年后又见右胁疼痛不适，腹胀而丰满膨隆，有腹水，食后反饱作胀。2天前去公园游玩劳累，加之饮食不慎，进食硬食后，胃脘部明显胀闷不适，呕吐食物汤水约250ml，吐后感到心慌、出汗、头昏，卧床休息后有所好转，但腹胀难忍，不能进食，次日午餐后又呕吐鲜血约100ml，心慌头昏而入院治疗。诊时诉腹胀、身黄、小便黄、口苦口臭，不思饮食，大便干结。检查腹部胀大如鼓。面黄、目黄、身黄。舌质红、边有瘀点，苔黄厚腻，脉滑数。该病的中医诊断为,积聚,腹痛,黄疸,鼓胀,胁痛
E,下列哪一项不是大青龙汤证的主症,无汗,烦躁,发热,恶寒,筋惕肉瞤
C,下列哪项不是引起呕吐的主要原因,脾胃虚弱,情志失调,湿邪困脾,饮食不节,外邪侵袭
D,表现为胸骨后疼痛呈烧灼感的是,心绞痛,急性心肌梗死,肺梗死,反流性食管炎,带状疱疹
E,患儿，男，4岁，发热伴皮疹1天就诊，考虑为水痘，错误的说法是,可有神经痛,町并发脑膜脑炎,适当给予退热药,水痘结痂脱落后一般不留瘢痕,可用肾上腺糖皮质激素治疗
A,治肠痈腹痛之要药是,红藤,黄柏,大黄,鸦胆子,金银花
A,孕妇忌用的药物是,天花粉,淡竹叶,夏枯草,决明子,芦根
C,患者吴某，男性，40岁。既往有支气管哮喘病史，1天前感寒后出现呼吸急促，喉中哮鸣有声，胸膈满闷如塞，咳不甚，痰少咯吐不爽，面色晦黯带青，口不渴，或渴喜热饮，天冷或受寒加重，形寒怕冷，舌苔白滑，脉浮紧。若患者咳逆上气，汗多，可加服,桂枝,生龙骨,白芍,生牡蛎,黄芪
A,山茱萸的性味是,酸、涩，微温,甘、涩，温,甘、涩，平,酸、涩，寒,酸、甘，温
B,实喘痰热郁肺证治以,二陈汤合三子养亲汤,桑白皮汤,麻杏甘石汤,麻黄汤合华盖散,五磨饮子
A,薯蓣丸治疗虚劳诸不足，风气百疾，其功效特点是,扶正为主兼祛邪,扶正,祛邪为主兼扶正,祛邪,缓中补虚
D,滋阴解表的代表方剂是,参苏饮,败毒散,桂枝汤,加减葳蕤汤,麻黄细辛附子汤
A,黄疸早期治当祛邪以消除病源，通过除下列哪项之外的治法，给邪以出路,温化,清热,利湿,通下,解毒
A,患者，女，58岁，饮食虽下而复吐出，胸膈疼痛，固着不移，肌肤枯燥，形体消瘦，舌质紫暗，脉细涩。（假设信息）若瘀阻显著者，可酌加,三棱、莪术、炙穿山甲、急性子,柴胡、枳壳、白芍,人参、茯苓、白术,当归、川芎、赤芍,以上都不是
B,具有利水消肿渗湿功效的药物是,茯苓,猪苓,泽泻,薏苡仁,滑石
E,面目一身俱黄，黄而鲜明如橘子色的病因是,脾胃气虚,气血不足,阴寒凝滞,寒湿阻郁,湿热熏蒸
B,患者小便不畅，点滴短少2天，甚则阻塞不通，小腹胀满疼痛，舌紫暗，有瘀点，脉涩，其诊断是,癃闭肺热壅盛证,癃闭浊瘀阻塞证,癃闭肝郁气滞证,淋证气淋证,淋证血淋证
C,下列对于诊断肝气郁结证最无意义的是,少腹胀痛,情志抑郁,视物模糊,咽部有异物感,胸胁胀痛
B,患者心悸、失眠、多梦、健忘、头晕目眩、面色淡白、唇甲淡白，舌淡白，脉细无力，证属于,心阳虚证,心血虚证,心脾两虚证,心气虚证,心肾不交证
D,疾病发生的内在原因是,正气与邪气的斗争,邪盛而正未衰,邪气,正气不足,正衰邪盛
D,以下哪项不是气陷证的临床特征,头晕眼花,内脏下垂,阴挺脱肛,小便失禁,大便稀溏
C,可引起白细胞及中性粒细胞增多的疾病是,伤寒,流行性感冒,尿毒症,疟疾,肝硬化
A,属胆腑郁热证所致的黄疸宜选用,大柴胡汤,龙胆泻肝汤,小柴胡汤,茵陈五苓散,甘露消毒丹
B,国内咯血最常见的病因是,流行性出血热,肺结核,肺炎,支气管结核,支气管扩张
C,脉浮，发热，渴欲饮水，小便不利，治宜选用,五苓散,栝蒌瞿麦丸,猪苓汤,白虎加人参汤,文蛤散
A,心神失养型郁证的代表方剂是,甘麦大枣汤,补中益气汤,当归补血汤,归脾汤,天王补心丹
D,白果具有的功效是,涩肠止痛,涩肠安蛔,涩肠降火,涩肠止带,涩肠安神
A,出现排便先干后溏症状的是,脾气虚弱,肝郁乘脾,命门火衰,湿盛伤脾,食滞肠胃
A,暑湿伤表证的代表方剂是,新加香薷饮,羌活胜湿汤,三仁汤,黄芩滑石汤,藿香正气散
E,蓄血发狂的病理基础是,热陷心包,痰火闭阻,阴阳失调,肝阳暴亢,瘀热交阻
D,乌梅丸的配伍意义中，“苦以下蛔，清泻内热”所用到的药物是,黄芩、黄柏,干姜、附子,黄连、黄芩,黄连、黄柏,细辛、蜀椒
A,下列各项，不属影响疼痛的心理社会因素的是,意志,情绪,注意,人格,文化教育
A,大黄牡丹汤的功用是,泻热逐瘀，散结消肿,行气活血，清热解毒,活血祛瘀，滋阴降火,解毒消痈，活血祛瘀,清热解毒，攻下积滞
B,患者，女，35岁，带下量多，色黄质稠，少腹时而隐痛，阴部瘙痒，舌质红，苔黄腻，脉滑数，宜首选,清热泻火药,清热燥湿药,清热解毒药,清热凉血药,利水渗湿药
B,患者，女，29岁。产后大便秘结难下，诊见心悸气短，头晕目眩，唇舌色淡，苔白，脉细，首选方剂,黄芪汤,润肠丸,济川煎,当归补血汤,枳实导滞丸
C,不符合阻塞性黄疸特点的是,血清总胆红素增加,血清结合胆红素增加,尿内尿胆原增高,尿胆红素阳性,大便呈灰白色
B,感冒的治则是,温化宣肺,解表达邪,表里双解,祛邪利肺,清化肃肺
E,“益火之源，以消阴翳”是指,以阳中求阴之法调整阴阳偏衰,以阴中求阳之法调整阴阳偏衰,泻热之法，调整阳偏衰,以补阴之法，治疗阴虚阳亢之证,以补阳之法，治疗阳虚阴盛之证
E,患者，男，29岁，骨蒸潮热，盗汗遗精，足膝痛热，咳嗽咯血，心烦易怒，舌红少苔，脉数而有力，宜首选,生地,玄参,赤芍,紫草,知母
D,患者，男，50岁，患咳喘日久，动则喘咳加重，呼多吸少，气不得续，形瘦神疲，面红烦躁，口咽干燥，足冷，汗出如油，舌红少津，脉细数。治疗最佳方剂为,六味地黄丸,金匮肾气丸,参蛤散,七味都气丸合生脉散,左归丸
B,下列关于四逆汤证病机的描述最确切的一项是,心肾阴虚，阳不外达,肾阳虚衰，阴寒内盛,肾阳衰微，阴盛格阳,心肾气血阴阳俱虚,寒邪直中少阴，阳郁不达
A,下列不是卫生法中刑事责任的特征是,是侵害了卫生法所保护的社会关系构成犯罪所应承担的法律后果,是最严厉的一种法律责任,只能由犯罪行为人承担,具有不可转移性,只能由司法机关代表国家依法定程序予以追究
C,小建中汤所治妇人腹中痛的病机是,气滞血凝,血滞湿阻，肝郁脾虚,脾胃虚寒,冲任虚寒，瘀血内停,寒湿中阻，气机失调
B,胡黄连具有的功效是,退虚热，凉血，解暑，截疟,退虚热，除疳热，清湿热,清虚热，除疳热,清热燥湿，泻火解毒，退虚热,和解退热，疏肝解郁，升举阳气
E,最早明确指出胁痛与肝胆病变相关的医籍是,《难经》,《伤寒杂病论》,《景岳全书》,《证治汇补》,以上都不是
D,某男，45岁。胃痛病史5年，每遇饮食生冷或遇劳则发，疼痛呈阵发性，空腹时较重，食后减轻。两天前因气候寒冷再发，诊见上腹隐痛，喜温喜按，偶泛吐清水，精神疲倦，四肢欠温。舌淡苔白，脉虚弱。其治法为,疏肝解郁,温胃散寒，行气止痛,消食导滞，和胃止痛,温中健脾，和胃止痛,化瘀通络，理气和胃
A,聚证腹胀或痛，腹部时有条索状物聚起，按之胀痛更甚，便秘，纳呆，舌苔腻，脉弦滑，宜选方,六磨汤,五灵脂、元胡、佛手,柴胡疏肝散,平胃散加山楂、神曲,鳖甲煎丸
E,阳损及阴的病机，主要是指,阳气虚损，气化不利，水湿阴寒病邪积聚,阳气偏盛，消灼阴液，阴液亏损,阳热内盛，深伏于里，格阴于外,阳气虚损，阴气失制而偏盛,阳气虚损，累及阴液化生不足
D,积聚的基本病理为,气滞湿阻,气滞痰阻,气滞饮聚,气滞血瘀,气滞水停
A,风热感冒宜选用,葱豉桔梗汤,桑菊饮,止嗽散,荆防败毒散,参苏饮
D,患者张某，男性，56岁。身热，微恶风，汗少，肢体酸重，头昏胀痛，口渴心烦，胸闷泛恶，小便短赤，舌苔薄黄而腻，脉象濡数。应首选方剂是,银翘散,藿香正气散,黄连香薷饮,新加香薷饮,玉枢丹
A,患者男性，73岁，高热头痛，手足躁动，口噤，舌质红绛少苔，脉弦细而数。若患者出现口苦苔黄，则加,龙胆草、栀子、黄芩,黄连、菊花,白芍、生地,石膏、生地、麦冬,大黄、芒硝
D,保持道德生活的一贯性是,克己,利人,同情,正直,审慎
E,肺阴亏耗证，咳痰的特点是,痰少质黏或如絮条,痰多黏腻色白,痰稀薄而白,痰黏稠而黄,痰少而黏或带血丝
E,临床上，感邪后缓慢发病的发病形式为,复发,继发,卒发,感邪即发,徐发
E,病机为“痫发日久，心肾精血亏虚，髓海不足，脑失所养”的痫病可辨证为,风痰闭阻证,痰火扰神证,瘀阻脑络证,心脾两虚证,心肾亏虚证
B,固冲汤中用量最大的药物是,生黄芪,白术,棕榈炭,煅牡蛎,煅龙骨
A,具有温中祛寒、补气健脾功效的方剂是,理中丸,吴茱萸汤,大建中汤,小建中汤,四逆汤
B,《素问·脉要精微论》认为诊法常以什么时候最适宜,鸡鸣,平旦,日中,日西,合夜
E,患者，女，30岁，痛经，经血夹有大量血块，过食肉食后出现脘腹疼痛，嗳腐吞酸，查大便见有蛔虫卵，下肢有疥癣，瘙痒难忍。该患者首选的杀虫药是,槟榔,南瓜子,鹤牙草,使君子,苦楝皮
C,室间隔缺损患者杂音的机制是,瓣膜口狭窄,血流加速,异常通道,血管腔扩张,心腔内漂浮物
A,患者余某，女，30岁，患大叶性肺炎4天，现仍发热，呼吸急促或咳嗽，1天前总尿量减少，咽干，烦渴，苔薄黄，脉数。其诊断为,癃闭,热淋,腹痛,血淋,气淋
C,吞咽食物阻塞不下，食入即吐，见于,反胃,呃逆,噎膈,嘈杂,梅核气
E,下列哪项不属于五苓散的适应证,，脐下悸,小便不利,头目昏眩,呕吐涎沫,动则心悸
D,恶寒重，发热轻，头痛，鼻塞流清涕，周身酸楚疼痛，舌苔薄白而润，脉浮紧。治疗应首选,三拗汤,藿香正气散,小青龙汤,荆防败毒散,新加香薷饮
B,患者素体阳虚，肌表不温，故见,但热不寒,但寒不热,恶寒发热,寒热往来,并无寒热
C,某男，40岁，每天睡眠时间5～6小时，无其他症状，不影响工作，查体正常。考虑为,不寐,暂时性失眠,生理性少眠,老年人生理状态,其他病影响
C,回阳救急汤主治,血虚寒厥证,心肾阳衰之寒厥证,真阳衰微证,心肾阴衰之寒厥证,阳郁厥逆证
E,暖肝煎中配伍当归的用意是,养血润燥,通阳散结，祛痰下气,化瘀生新,行气散结，降逆化痰,养血补肝
C,维系着天地万物之间相互联系的是,宗气,阳气,精气,卫气,营气
E,某心痛病人迁延不愈，并出现心悸喘促，不能平卧，动则甚，肢体浮肿，畏寒肢冷，小便短少，舌淡，苔白滑，脉沉细。此时最佳方剂为,参附汤加减,右归饮加减,左归饮加减,生脉散加减,真武汤加减
C,心肾阴虚型胸痹的治法,益气温阳、活血通络,益气养阴、活血通络,滋阴清火，养心和络,辛温通阳、开痹散寒,通阳泻浊、豁痰开结
E,梁某，女性，20岁，间断发热1个月。咳嗽胸痛，咳吐大量脓痰，时有痰血相兼，腥臭异常，气喘不能平卧，烦渴喜饮，舌红，苔黄，脉滑数。本病例当诊断为,咳嗽,喘证,肺胀,肺痹,肺痈溃脓期
E,黄龙汤与四逆散均含有的药物是,人参、芍药,甘草、人参,芍药、柴胡,厚朴、枳实,枳实、甘草
E,香附能够,破气,补气,降气,纳气,疏肝
A,治疗自汗之肺为不固证，治法宜选用,益气固表,滋阴降火,养血补心,清热泻火,养肝补血
C,下述各项中不属血瘀证的症状是,痛如针刺,胁下痞块,出血鲜红,舌质紫暗,脉涩
D,下列属于假药的是,改变剂型或改变给药途径的药品,擅自添加着色剂、防腐剂、香料、矫味剂及辅料的,超过有效期的,以非药品冒充药品或者以他种药品冒充此种药品的,更改生产批号的
D,患部形小而圆，红肿热痛不甚，根浅，脓出即愈者，属,痈,疽,疔,疖,风疹
D,腹部检查Courvoisier征阳性的疾病是,急性胆囊炎,胆囊癌,急性胰腺炎,胰头癌,胆囊结石
C,海藻玉壶汤出自何书,《卫生宝鉴》,《济生方》,《外科正宗》,《景岳全书》,《脾胃论》
A,痫病与五脏均有关联，但主要责于的脏腑是,心、肝,心、肾,心、脾,肝、肾,肺、心
D,"称为""阴中之阳""的脏是",心,肺,脾,肝,肾
B,患者面色淡白，或萎黄，唇甲色淡白，头晕眼花，心悸多梦，舌淡，脉细无力属,气虚,血虚,阳虚,阴虚,津液不足
C,治疗要获得病人的知情同意，其道德价值应除外,维持社会公正,保护患者自主权,解脱医生责任,协调医患关系,保证医疗质量
E,乳房病最常用的内治原则是(　　)。,托毒排脓,补益气血,清热解毒,活血化瘀,理气疏络
A,疾病发生的根本原因在于,阴阳失调,气血不调,脏腑紊乱,寒热偏颇,清浊相干
E,关于“郑声”的病因病机描述错误的是,虚则郑声,心气大伤,精神散乱,常见于疾病晚期、危重者,痰湿、瘀血、气滞阻遏心窍
E,具有凉肝息风、增液舒筋作用的方剂是,半夏白术天麻汤,镇肝息风汤,大定风珠,天麻钩藤饮,羚角钩藤汤
A,霍乱病，吐利，汗出，发热恶寒，伴有四肢拘急，手足厥冷，治疗宜用,四逆汤,四逆加人参汤,通脉四逆加猪胆汁汤,白通加猪胆汁汤,理中汤
C,精癃发病年龄多在（   ）,青壮年,60岁以上,50～70岁,男性更年期,成年
C,肉桂入煎剂、研末冲服时的剂量分别是,0.1～0.3g、0.5～1g,1～2g、0.1～1g,1～4.5g、1～2g,5～15g、3～6g,以上都不是
D,膀胱造影显示膀胱壁有突向腔内的菜花状充盈缺损，应考虑,膀胱非上皮肿瘤,膀胱炎,膀胱结石,膀胱癌,膀胱结核
B,五脏分阴阳，肺的阴阳属性是,阳中之阳,阳中之阴,阴中之阳,阴中之阴,阴中之至阴
C,以下哪组药物可补脾肺气虚证,当归、阿胶、白芍,太子参、熟地黄、山萸肉,党参、黄芪、山药,鹿茸、紫河车、淫羊藿,杜仲、续断、西洋参
C,下述心烦，哪一项属于阴虚火炽证的表现,心烦，干呕，口苦而渴,心烦躁扰，时有谵语，身热夜甚，舌绛,心烦不得卧，身热，舌红苔黄，脉细数,烦躁不安，胸膈灼热如焚,烦躁不安，辗转反侧
A,青海的地道药材是,大黄,党参,川芎,薄荷,砂仁
C,叶天士认为，风温的发生是因为,外感风温时毒,温风过暖，感其气者,春月受风，其气已温,感受春季温热病邪,感受风邪
B,关于烧伤，下列说法错误的是（   ）,Ⅰ°烧伤深达表皮角质层,浅Ⅱ°烧伤愈后一般会留疤痕,深Ⅱ°烧伤损害深达真皮深层,Ⅱ°烧伤面积在9%（小儿在5%）以下，为浅度烧伤,Ⅱ°烧伤皮损可见水疱
B,四逆汤中，炙甘草的主要作用是,减少附子毒性,温补调中,调和诸药,补中益气,缓急止痛
D,生产、销售假药的，没收违法生产、销售的药品和违法所得，并处违法生产、销售药品货值金额,1倍以上3倍以下的罚款,1倍以上5倍以下的罚款,2倍以上3倍以下的罚款,2倍以上5倍以下的罚款,3倍以上5倍以下的罚款
A,疥疮的主要病因为（   ）,接触疥虫,湿热蕴结,外感风热,饮食不节,湿热毒聚
B,郑声的病机为,热扰心神，神明失主,心气大伤，精神散乱,气郁痰结，阻蔽心窍,热入心包，内扰心神,血瘀不畅，阻遏心窍
A,明代最有影响的中医外科学著作是（   ）,《外科正宗》,《疡科心得集》,《外科大成》,《外科全生集》,《霉疮秘录》
D,X线片示左心室增大，主动脉增宽、延长、迂曲，心脏呈靴型的是,二尖瓣狭窄,心包积液,肺源性心脏病,高血压性心脏病,主动脉瓣狭窄
C,湿热在膀胱者常用：,萆薢分清饮,龙胆泻肝汤,八正散,萆薢渗湿汤,黄连解毒汤
A,检查乳房的顺序，下列选项错误的是（   ）,先患侧后健侧,先望诊后触诊,按象限依次检查,先乳房后乳头、乳晕,乳房触诊后，必须扪查区域淋巴结
B,厌食的原因，应除外,暴食伤胃,胃强脾弱,湿热中阻,妊娠恶阻,肝胆湿热
A,食积内热证脉象多见,滑数,洪数,弦紧,沉弦,弦数
A,患者头痛，眩晕，失眠多梦，舌红苔黄，脉弦，宜选用的方剂是,天麻钩藤饮,羚角钩藤汤,半夏白术天麻汤,独活寄生汤,大定风珠
E,记忆过程不包括,识记,保持,遗忘,回忆,验证
B,中年妇女乳房肿块界限不清，经前乳房胀痛，应首先考虑(　　)。,乳岩,乳癖,乳疬,乳核,乳疽
D,槐花的功效是,凉血止血，散瘀消痈,凉血止血，解毒敛疮,凉血止血，散瘀解毒消痈,凉血止血，清肝泻火,收敛止血
E,大建中汤和小建中汤二方组成中均含有的药物是,附子,蜀椒,干姜,人参,饴糖
A,《药品管理法》规定医疗机构配制的制剂应当是本单位,临床需要而市场上没有供应的品种,临床、科研需要而市场上没有的品种,临床需要而市场上没有供应或供应不足的品种,临床、科研需要而市场上无供应或供应不足的品种,临床需要的品种
A,流行性感冒的临床特点为,上呼吸道症状轻，发热和全身中毒症状重,上呼吸道症状较轻，发热和全身中毒症状也较轻,上呼吸道症状以及发热和全身中毒症状均较重,无上呼吸道症状，而发热和全身中毒症状较重,上呼吸道症状较轻，无发热和全身中毒症状
A,北沙参的作用是,养阴清肺，益胃生津,养阴清肺，清胃生津，补气化痰,养阴润肺，清心安神,养阴生津，润肺清心,养阴润燥，清肺生津
B,患儿颈部瘰疬渐大，互相融合成块，表皮呈暗红色，微热，按压有轻微波动感，脉细数。治宜,理气化痰,养阴清热，托毒透脓,益气养血,清热解毒,疏肝解郁
D,枳实的功效是,疏肝理气，和中化痰,破气散结，疏肝行滞,理气和中，燥湿化痰,破气消积，化痰除痞,通阳散结，行气导滞
B,“十八反”中，与乌头相反的药物是,玄参,瓜蒌,细辛,海藻,白芍
B,取其散瘀解毒(　　)。,外用药粉以菊花汁调之,外用药粉以米醋调之,外用药粉以水调之,外用药粉以油调之,外用药粉以鸡蛋清调之
D,下列病证，不宜使用固涩剂治疗的是,肺虚久咳,肾虚遗泄,小便失禁,湿热带下,久泻久痢
E,有人在经历了严重创伤事件后，完全记不起引起创伤的经历，而在催眠状态下却回忆起当时的情景，这种心理防御机制属于,退行,压抑,反向,投射,否认
E,除杀虫之外，还可治疗妇女阴道滴虫病的药物是,使君子,苦楝皮,槟榔,贯众,鹤草芽
D,"在《外科正宗》一书中提出了医生的""十要""和""五戒""的医学家是",张仲景,孙思邈,钱乙,陈实功,徐大椿
A,研末服用，每次1.5～3g，效果比煎剂好的药物是,鸡内金,莱菔子,麦芽,谷芽,神曲
A,冻疮的主要发病机制是(　　)。,气血瘀滞,热毒炽盛,脏腑失调,痰湿凝滞,以上都不是
B,皮下斑点隐隐稀少，色淡红，压之不退，伴诸虚症状，此为,阳斑,阴斑,麻疹,风疹,隐疹
B,二尖瓣型P波心电图的特点,P波高而尖,P波增宽，时间>0.11s,V1导联Ptf≥-0.04mm.s,P-R间期>0.20s,P波低平
C,据《素问·六节藏象论》，五脏中其充在发的是,肺,心,肾,肝,脾
B,浸淫四窜，黄水淋漓，其痒成因多为（   ）,风,湿,热,虫淫,血虚
C,臁疮若见下列哪种表现则提示发生癌变,溃疡多年不愈,伴有静脉曲张,创面呈菜花状,创面渗出增多,创面肉色灰白
D,肾虚精亏而遗精滑泄者，可用,六味地黄丸,知柏地黄丸,桑螵蛸散,金锁固精丸,大补阴丸
B,大柴胡汤的主治病证是,太阳少阳合病,少阳阳明合病,太阳少阴合病,太阳阳明合病,阳明厥阴合病
E,睾丸扭转的临床特点为：,青少年，初起附睾结块，疼痛，压痛明显，与阴囊皮肤无粘连,青少年，初起附睾结块，较硬，不痛或微痛，不红不热，输精管有串珠样改变,青壮年，有痄腮史，或发病在流行季节和地区，睾丸肿大，早期能触及睾丸并能与附睾分开,任何年龄，初为睾丸内实质性肿块，有痛或无痛，质地坚硬，有沉重感，肿块部位在睾丸内而附睾正常,青少年，突发阴囊内剧痛，睾丸附睾触痛明显，肿胀致睾丸附睾界限不清，睾丸常向上收缩，抬高睾丸疼痛加剧
D,收口期常用的掺药是(　　)。,生肌白玉膏,青黛膏,太乙膏,生肌散,九一丹
B,保和丸中配伍连翘的用意是,清热解毒,清热散结,清热利湿,清热泻火,消痈散结
D,牛膝在天麻钩藤饮中的主要作用是,活血祛瘀,补肝肾，强筋骨,利尿通淋,引血下行,排脓止痛
D,血栓性浅静脉炎瘀阻脉络者，方用：,桃红四物汤,五味消毒饮合三妙丸,阳和汤、独活寄生汤加减,活血通脉汤,以上都不是
E,箍围药根据病情，需要进行调制，欲取其散瘀解毒，可用(　　)。,葱、姜、蒜、韭捣汁调,鸡子清、蜂蜜调,菊花汁、银花露调,酒调,醋调
A,"《素问·调经论》""阳盛则外热""实指现在临床上的",外感表热,内伤发热,阴虚潮热,壮热神昏,往来寒热
B,肝在五轮学说中为,水轮,风轮,气轮,血轮,肉轮
C,下列不符合主诉要求的是,反复咳嗽、咳痰、喘息20年，加重半个月,活动后心慌气短2年，下肢水肿半个月,反复发作的右侧头痛,上腹部疼痛反复发作3年，2小时前呕血约200mL,尿急、尿频、尿痛2天
C,乳腺导管内乳头状瘤的多发年龄为（   ）,25～30岁,50～70岁,40～50岁,10岁左右,20～45岁
A,应激的中介机制不包括,应激源,认知评价,应对方式,社会支持,人格特征
E,患者，男，38岁，因劳动时淋雨，第二天出现恶寒发热，头身疼痛，无汗，喘咳，痰涎清稀而量多，胸闷，不得平卧，头面四肢浮肿，舌苔白滑，脉浮。治疗应首选,九味羌活汤,桂枝汤,麻黄汤,止嗽散,小青龙汤
D,医学研究首要的基本的伦理前提是,谦虚谨慎，团结协作,诚实守信，保守秘密,钻研医术，精益求精,动机纯正，目的明确,举止端庄，语言文明
E,下列除哪项外，均为天南星的主治证,湿痰、寒痰证,风痰眩晕,破伤风,痈疽肿毒,心下痞、结胸
E,乳发初起治法为：,清热利湿,托里透脓,健脾利湿,清热凉血开窍,泻火解毒利湿
B,传染病防治的方针是,调查、控制和医疗救治,预防为主,预防为主、常备不懈,统一领导、统一指挥,统一领导、分级负责
B,不承担任何道德代价的人体试验方法是,常规试验,天然试验,安慰剂试验,双盲法试验,常规试验和安慰剂试验
A,十二指肠球部溃疡的直接X线征象是,龛影,球部激惹征,黏膜皱襞纠集,球部变形,球部水肿
B,据《素问·汤液醪醴论》，中古之世做汤液醪醴是,为而不用，以为备耳,服之万全,服之亦不必已,配合针石,配合薰浴
D,四逆散证之四逆，较合适的理解为,少阴阳虚，复感寒邪，寒凝气滞,肾虚水停，阳气被遏,心肾阳虚，阴寒内盛，阳气不达,肝胃气滞，阳气内郁，不达四末,阴阳气不相顺接
D,脱囊相当于：,阴囊脓肿,阴囊肿瘤,睾丸脓肿,阴囊坏疽,睾丸鞘膜积液
A,吐势徐缓，声音微弱，呕吐物清晰者，属于,虚寒证,实热证,热扰神明,食滞胃脘,脾胃阳虚
C,共同参与型的医患关系模式最适合于,急性病人,绝症病人,慢性病人,重症病人,精神病人
B,急性肠炎可见,黏液、脓血便,水样便,米泔样便,白陶土样便,柏油样便
E,瘿的现代涵义是(　　)。,甲状腺肿瘤,结喉两侧肿块,颈部肿块,颈前部肿块,专指甲状腺肿大或肿块类疾病
D,锥体束受损的体征是,Romberg征,Lasegue征,Kernig征,Babinski征,Brudzinski征
C,半夏白术天麻汤的功效是,燥湿化痰，理气和中,燥湿健脾，软坚化痰,燥湿化痰，平肝息风,润肺清热，理气化痰,燥湿行气，软坚化痰
E,下列哪一项不是水痘的特点,顶满无脐,晶莹明亮,浆液稀薄,皮薄易破,无传染性
E,下列何项不属于问诊一般情况的内容,姓名,婚否,籍贯,职业,工作简历
B,肉桂功善于,回阳救逆,补火助阳,温胃止呕,发汗平喘,发表解肌
C,清暑益气汤(《温热经纬》)的功用是,清暑益气，和胃止呕,清暑解热，化气利湿,清暑益气，养阴生津,祛暑解表，清热化湿,清暑益气，除湿健脾
E,水肿这一术语不包括下列哪种情况,阴囊积水,腹腔积水,心包积水,胸腔积水,脑水肿
B,面赤，口苦，脉数，其病位多在,肝,心,脾,肺,肾
A,体温升高达39℃～40℃以上，持续数天或数周，24小时内体温波动范围不超过1℃，这样的热型是,稽留热,弛张热,间歇热,波状热,不规则热
C,X线造影剂引起的肾衰竭（　　）。,肾前性肾衰竭,肾后性肾衰竭,肾性肾衰竭,以上都是,以上都不是
D,关于心理应激的说法错误的是,相信事件是可控制可预测的可以减轻心理应激,适度的应激可以促进健康,长期的超强度应激会损害健康,心理防御机制的应用可以从根本上消除解除焦虑,有效的放松训练可以降低心理应激水平
E,失荣相当于西医的哪种疾病：,舌癌,唇癌,鼻咽癌,甲状腺癌,恶性肿瘤颈部转移
C,车前子、旋覆花入汤剂宜,久煎,先煎,布包煎,另行溶化,另煎
D,肾气丸中用量最大的药物是,附子,桂枝,山萸肉,干地黄,山药
E,尿石症之湿热内蕴治疗常用方是（   ）,石韦散,龙胆泻肝汤,五味消毒饮,八正散,三金排石汤
C,妇人肾气虚弱，膀胱气化不行而致脐下急痛，小便不通，此证称,胞阻,阴吹,转胞,陷经,正喧
E,患者皮肤上有一红色肿块，直径约3cm左右，无脓头，表面灼热，触之疼痛，3天后化脓，形成脓肿，溃后迅速愈合。应诊断为,有头疖,痈,蝼蛄疖,脂瘤染毒,无头疖
B,生神曲的功效特点是,消食兼能散瘀,消食兼能发表,消食兼能疏肝,消食兼能化石,消食兼能化痰
C,尿蛋白阳性是指患者24小时尿蛋白量应大于的数值是,50mg,100mg,150mg,200mg,250mg
E,提高医疗质量的精神力量是,医疗技术,医疗设备,规章制度,经济效益,医德医风
B,精浊的临床特征：,阴囊肿大偏坠，透光试验阳性,尿道口常有精液溢出,射精时精液呈淡红色或棕色,阴茎背侧触及硬结或索状斑块,排尿困难、尿潴留
D,菟丝子除能补肾固涩外，还具有的功效是,行血脉,托疮毒,润肠燥,补肾阴,敛汗
D,关于雄激素，下列哪项是错误的：,可促进阴毛、腋毛生长,促进蛋白质合成,促进肌肉生长和骨骼的发育,妇女体内雄激素只来源于肾上腺皮质,促进红细胞生成
A,适用于心阳衰弱之心悸、胸痹的药物是,附子,干姜,肉桂,吴茱萸,小茴香
B,患者36岁，淋漓阴道出血2个月。平素月经规律，经量多，持续时间长，今为脓性血性分泌物对此患者为明确诊断。应采取下列何项措施,抗生素治疗3天后行宫腔镜检查,消毒条件下窥视阴道、宫颈，行双合诊(或三合诊)检查,抗生素加止血药治疗后妇科检查,抗生素治疗3天后诊刮,性激素修复内膜，血止后做妇科检查
D,下列疾病可出现颈静脉搏动的是,严重贫血,主动脉瓣关闭不全,高血压,三尖瓣关闭不全,甲状腺功能亢进症
D,心尖部第一心音增强的是,肺心病,心肌炎,主动瓣关闭不全,二尖瓣狭窄,二尖瓣关闭不全
E,不属于人格的投射类测验的是,洛夏墨迹测验,主题统觉测验,霍兹曼墨迹测验,词语联想测验,范畴测验
B,异位妊娠辨证属(　　)。,腑实证,少腹血瘀之实证,少腹血瘀之虚证,虚实夹杂证,以上都不是
C,维持子宫正常位置的是,骨盆底肌肉及其上下筋膜支托作用,膀胱和直肠的支托作用,子宫四对韧带及盆底肌肉筋膜的支托作用,腹腔压力作用,子宫四对韧带的作用
D,学习和记忆的电生理学基础是,识记、保持、再认和回忆,胆碱能神经元动作电位,内流钙离子,突触长时程增强电位,经典条件反射
C,子痫痰火上扰证的治则是,清热开窍,豁痰熄风,二者均是,二者均不是,
B,乌梅丸主治何种厥逆,气厥,蛔厥,痰厥,寒厥,热厥
A,正常心脏电活动的起源部位是,窦房结,房室结,房室束,左心房,右心房
D,尊重病人自主性或决定，在病人坚持己见时，可能要求医生,放弃自己的责任,听命于患者,无需具体分析,必要时限制病人自主性,不伤害患者
D,对医务人员造成医疗事故情节严重的，由卫生行政部门,酌情给予处理,免于行政处分,给予行政处分,吊销其执业证书,其善后处理由本人负责
A,关于引起神经症的应激事件，不正确的说法是,研究表明，神经症患者不比其他人遭受更多的生活事件,应激事件的强度一般不太强但持续时间比较长,在别人看来无足轻重的应激事件可能引起神经症患者的强烈反应,患者对应激事件往往有一定的认识,应激事件更多来源于患者内心
E,患者，男，50岁。眩晕欲仆，头重脚轻，筋惕肉瞤，肢麻震颤，腰膝酸软，舌红苔薄白，脉弦细。其病机是,肝火上炎,肝阳上亢,肝阴不足,肝气郁结,肝阳化风
B,正常人尿比重是,1.01,1.015～1.025,1.02,1.015,1.025～1.035
D,对于病人来讲，最重要的、最优先的需要是,生理的需要,爱与归属的需要,尊重的需要,安全的需要,自我实现的需要
D,方中芍药与甘草配伍以和里缓急的方剂是,逍遥散,桂枝汤,阳和汤,小建中汤,痛泻要方
C,患者，女，15岁，学生，近半年，经来无期，过多，过频，行经时间长，现经来10余天量多，势如血崩，经血色淡，质清，面色晦黯，肢冷畏寒，腰膝酸软，小便清长，夜尿多，舌淡黯，苔白润，脉沉细无力此病治法,补气摄血止崩,滋阴固气止崩,温阳止崩,祛瘀止崩,补气养阴止崩
C,牡丹皮具有的功效是,凉血止血，杀虫,凉血消斑，定惊,凉血活血，退虚热,凉血活血，解毒,凉血活血，泻肝火
B,患者，女，48岁，已婚。赤白带下，头昏目眩，五心烦热，失眠多梦，舌红少苔，脉细略数。其证候是,脾虚湿阻,肾阴虚,湿热壅滞,肝肾阴虚,湿毒下注
C,《金匮要略》妊娠五六月坠胎者，谓之,恶阻,子脏开,半产,胞阻,漏下
E,"""子宫""一词最早见于：",《易经》,《诗经》,《山海经》,《内经》,《神农本草经》
A,妊娠不足28周，胎儿体重不足1000g而终止,流产,早期流产,晚期流产,早产,死胎
A,妊娠贫血气血两虚证的治法是,补气养血,健脾养心,二者均是,二者均不是,
D,临床出现自汗多尿，是气的哪一种功能减退的表现,推动与调控作用,温煦与凉润作用,防御作用,固摄作用,中介作用
D,怀孕七个月，小便频数，尿少色黄，艰涩刺痛，面赤心烦，渴喜冷饮，口舌生疮，舌红少苔，脉细数。若小便带血者加,生地、川芎,阿胶、甘草,滑石、当归,生地榆、大小蓟,车前子、淡竹叶
A,重在调经为,月经病的治疗原则,经期延长的治疗大法,二者均是,二者均不是,
E,经乱无期，出血量少，色暗红，质清稀，畏寒肢冷，腰腿酸软，小便清长，舌质淡，苔薄白，脉沉细，辨证为,气虚型月经先后无定期,血虚型月经先后无定期,肾虚型月经先后无定期,肝郁型月经先后无定期,以上均不是
D,外敷有发泡作用，皮肤过敏者忌用的药物是,半夏,天南星,白附子,白芥子,皂荚
B,乳房胀痛，可扪及结块，并有压痛，晚期可伴有乳头凹馅；溢血表皮呈橘皮样改变为,乳癖,乳岩,二者都对,二者都不对,
A,产后小便频数或失禁，夜尿尤多，头晕耳鸣，腰膝痰软，面色晦黯，舌淡，苔白滑，脉沉细无力，两尺尤弱。应选(　　)。,肾气丸,八珍汤,补中益气汤,黄芪当归散,以上都不是
D,子痫肝风内动证的治则是,清热开窍,豁痰熄风,二者均是,二者均不是,
C,治疗噤口痢，应选用的药物是,远志,苏合香,石菖蒲,冰片,麝香
D,下列哪项是二尖瓣狭窄的体征,水冲脉,颜面苍白,静动脉搏动明显,颜面紫红,心浊音界向两侧扩大
E,关于腹痛与体位关系的描述，错误的是,胃黏膜脱垂者左侧卧位时减轻,胰腺癌患者仰卧位时加重,胰头癌患者俯卧时疼痛减轻,反流性食管炎患者立位时减轻,胰头癌患者前倾位时腹痛加重
A,临床上往往通过调补肝肾以体现：,调补冲任,调节阴阳,补益精血,胞宫藏泻,开合泻藏
C,妊娠早期，恶心呕吐不食，甚则食入即吐是,脾虚痰浊,气阴两虚,脾胃虚弱,肝胃不和,脾失健运
B,淫羊藿、巴戟天共同的功效是,补肾益精，养血益气,补肾壮阳，祛风除湿,温肾壮阳，祛寒除湿,补肾助阳，润肠通便,补肾益肺，止血化痰
D,实邪结聚，阻滞经络，气血不能外达，可致,实性病机,虚性病机,真虚假实,真实假虚,虚实夹杂
E,妊娠晚期，或正值分娩时，卒然昏不知人，四肢抽搐，气粗痰鸣，舌红苔黄腻，脉弦数其治法是,平肝熄风,育阴潜阳,滋补肝肾,利湿化痰,清热豁痰开窍
A,患者牙关紧闭，面肌痉挛，最可能的疾病是,破伤风,甲亢,震颤性麻痹,急性阑尾炎,严重低血糖
B,两地汤主要适用于(　　)。,实热型月经先期,虚热型月经先期,湿热型月经先期,气虚型月经先期,郁热型月经先期
C,在《伤寒论》中麻黄杏仁甘草石膏汤证的病机是,表病误下，外证不解，气逆于肺,风寒束表，肺气不宣,汗下后，邪气内传，热壅于肺,外有风寒，内有郁热,风寒郁肺，痰热壅滞
B,"""子晕""发生的主要机制是",肝风内动，痰火上扰,阴虚不足，肝阳上亢,气滞血瘀，湿阻气机,脾肾阳虚，水湿不化,脾胃虚弱，水饮内停
B,基因组为DNA的肝炎病毒是,甲肝病毒,乙肝病毒,丙肝病毒,丁肝病毒,戊肝病毒
A,患者，刘某，30岁。结婚3年未孕，平素月经规则，量可。近1年来月经量少，色暗，行经时间延期，形体消瘦，头晕耳鸣、失眠多梦，阴道干涩，舌质淡红少苔，脉细。其治法为,滋肾养血，调补冲任,温肾调补冲任,活血化瘀调经,燥湿理气化瘀调经,疏肝理气养血调经
D,易直中心包，闭窍动风的病邪是(    ),风热病邪,燥热病邪,温毒病邪,暑热病邪,温热病邪
B,风热型经行风疹块临床表现下列哪一项是错的,经行身发红色风疹块,舌淡，苔薄白，脉虚数,瘙痒不堪,月经多提前,尿黄便结
A,外阴奇痒难忍，白带呈泡沫状的是,滴虫性阴道炎,念珠菌性阴道炎,细菌性阴道炎,老年性阴道炎,宫颈糜烂
D,妊娠期全身皮肤瘙痒，出现风团，上半身尤甚，疹块色红有灼热感，剧痒，咽喉肿痛，舌红苔黄，脉浮滑数。其证侯是,阴虚,阳虚,血虚,风热,营卫不调
B,尿少而短赤，发热口渴属于,湿热蕴结,热盛伤津,肾气虚弱,肝郁犯脾,气虚失运
D,对于细菌性阴道病，下列哪项是不恰当的,胺臭味试验阳性,病理特征为无炎症病变,细菌性阴道病是一种混合性细菌感染,治疗的首选药物是青霉素,分泌物灰白稀薄，黏度低
C,下列不属于厥阴病提纲证的是(   ),气上撞心,饥而不欲食,四肢厥逆,消渴,心中疼热
C,下列哪项不属于妊娠期母体的生理变化？（   ）,乳房及乳头增大，乳晕着色,子宫增大变软,子宫增大变硬,妊娠纹,妊娠斑
E,艾某，18岁，未婚，17岁初潮，有慢性鼻炎病史。每次经前一天需要吃感冒清热颗粒，发热，恶寒，无汗，鼻塞流涕，咽喉痒痛，咳嗽痰稀白，经净后感冒痊愈。现经前一天就诊，发热，恶寒，无汗，鼻流清涕，舌淡红，苔薄白，脉浮紧。本病的中医治则应为,燥湿化痰，调和营卫,扶正固表，调和营卫,疏风清热，和血调经,和解表里,解表散寒，和血调经
B,医师注册后，以下哪种情形不需要注销注册,死亡的,受到警告行政处罚的,被宣告失踪的,受吊销医师执业证书行政处罚的,中止医师执业活动满2年的
A,崩漏、月经先后无定期，月经过少的虚证的共同病机,肾虚,血虚,血瘀,气滞,血寒
B,不属于病人权利的内容是,受到社会尊重和理解,遵守医疗部门规章制度,享受医疗服务,保守个人秘密,免除或部分免除健康时的社会责任
C,患者。女，32岁。产一女婴，产时不顺，损伤膀胱，产后小便不通，尿色略混浊带血丝，小腹胀急疼痛，舌质暗，苔白，脉涩。其证候为,气虚证,肾虚证,血瘀证,湿热下注证,肝经郁热证
B,女患者，产后小腹隐隐作痛，喜按，恶露量少色淡，头晕耳鸣，大便干燥，舌淡红，苔薄，脉虚细。治疗首选何方：,当归生姜羊肉汤,肠宁汤,加参生化汤,当归芍药散,生化汤
B,以下反映肝损害的最敏感的检查指标是,AFP,ALT,AST,γ-GT,ALP
C,脏腑之中，被称为“孤府”的是,胆,胃,三焦,脾,脑
A,虚热型经期延长的治法是,养阴清热止血,温经散寒，化瘀止痛,滋肾养阴，固冲止血,活血祛瘀止血,补气摄血，固冲调经
A,治疗气虚型胎漏的首选方剂是：,固下益气汤,寿胎丸,举元煎加味,加味圣愈汤,加味阿胶汤
C,小儿囟门迟闭，多属,温病火邪上攻，脑髓有病,吐泻伤津，或气血不足,肾气不足，发育不良,肾阴不足，虚火上炎,以上都不是
E,与气机升降调节关系密切的是,心与肺,心与肾,心与脾,脾与肝,肺与肝
B,下列哪项与经间期出血湿热证关系密切,肝、肾,肝、脾,心、脾,脾、胃,心、肾
C,症见肢节疼烦，掣痛不得屈伸，近之痛剧，汗出短气，小便不利，恶风不欲去衣，身微肿者，治宜选用(   ),桂枝附子汤,白术附子汤,甘草附子汤,大黄附子汤,麻黄附子汤
B,导致瞳孔缩小的可能原因是,吐泻伤津,药物中毒,瘿病,慢脾风,临床死亡的指征
B,妇人乳中虚，低热，烦躁，失眠，呕吐，纳差，脉细数者，治法是(  ),止逆下气,安中益气,缓中补虚,滋阴降火,益气安神
D,"在《外科正宗》一书中提出医生""五戒""和""十要""的医学家是",孙思邈,张仲景,钱乙,陈实功,李时珍
D,《素问·阴阳应象大论》指出：其高者，(   ),散而泻之,按而收之,引而竭之,因而越之,泻之于内
A,妊娠五个月，小便频数，淋沥涩痛，午后潮热，手足心热，大便干结，颧赤唇红，舌红少苔，脉细滑数。本病最早见于,《金匮要略》,《妇人大全良方》,《伤寒论》,《医宗金鉴》,《诸病源候论》
D,患者，女，28岁，已婚。带下量多，色黄，质黏腻，有臭气，胸闷纳差，小腹胀痛，伴阴痒，小便黄少，舌苔黄腻，脉濡略数。其证候是,脾虚湿阻,气滞血瘀,湿瘀壅结,湿热下注,热毒内蕴
A,二尖瓣狭窄的听诊内容，最具特征的是,心尖部舒张期隆隆样杂音,开瓣音,S1增强,P2分裂,Graham-Steell杂音
C,具有燥湿健脾、祛风散寒、明目功效的药物是,茯苓,白术,苍术,萆薢,威灵仙
A,对于成年人的心理健康，以下哪点不正确,工作应超负荷，以挖掘个人潜力,家庭稳定是情绪乐观、事业有成的基石,充足的睡眠仍很重要,矫正不良行为是这个时期维护身心健康的关键,以上都正确
C,元某，女，职工，30岁。形体消瘦，平素月经频发，23～25天一行，量少，色鲜红，质黏稠。现妊娠5个月余，宫底耻骨联合上2横指，盆腔B超提示活胎。孕妇自觉手足心热，烦躁不安，口干喜饮，舌红，少苔，脉细数。治疗本病的首选方剂是,胎元饮加党参、枸杞子,寿胎丸合四君子汤,保阴煎加枸杞子、桑椹子,清热固冲汤加味,长胎白术散
A,除下列哪项外，均为不孕症的病因,血虚,肾虚,肝郁,痰湿,血瘀
A,未经批准擅自开办医疗机构行医的，承担以下法律责任，除了,警告,没收其违法所得及其药品器械，并处10万元以下罚款,对医师吊销执业证书,给患者造成损害的，承担赔偿责任,构成犯罪的，追究刑事责任
A,《内经》提出带下病的病机是,任脉为病,督脉为病,两者都是,两者都不是,
A,患者，女，24岁。产后乳少，乳汁清稀，乳房柔软无胀感，面色少华，神疲乏力，食欲不振，时有心悸头晕，舌淡少苔，脉虚细治法是,补气养血，增液通络,疏肝解郁，通络下乳,利湿除痰，活络通乳,滋补阴液，养血下乳,滋补肝肾，精血双补
E,双肺满布哮鸣音的疾病是,支气管内膜结核,心源性哮喘,支气管肺炎,慢性支气管炎,支气管哮喘
D,治疗月经过多的方剂是,寿胎丸,理中汤,两者都是,两者都不是,
E,具有消食健胃、涩精止遗功效的药物是,银柴胡,麦芽,乌梅,莱菔子,鸡内金
C,带下量多，色黄，质粘腻，有臭气，胸闷口腻，治疗首选方剂是：,完带汤,五味消毒饮,止带方,内补丸,知柏地黄丸
A,肾-天癸-冲任-胞宫生殖轴的主导是,肾气,天癸,冲任,胞宫,以上都不对
B,某女，40岁，月经提前9-11天，甚则一月两行，至今年余。现症：月经提前而至，量少，色淡黯，质清稀，腰酸耳鸣，面色晦黯，舌质淡，苔白润，脉沉细。方选,归脾丸,归肾丸,两地汤,肾气丸,当归地黄汤
B,味苦，具有清热解毒、凉血消肿功效，煎剂易致恶心呕吐，用量不宜过大的是,苦参,穿心莲,谷精草,密蒙花,熊胆
E,根据《素问·至真要大论》，症见身转侧，背反张，体屈曲者，病多属于：,风,脾,湿,肝,热
D,咽喉漫肿、色淡红者的原因多为,肺胃积热,肾阴不足，虚火上炎,阳虚火浮,痰湿凝聚,气阴两虚，虚火上浮
A,据《素问·异法方宜论》，不同的治疗方法适宜不同地域和病情。东方之域，治宜,砭石,导引按蹻,微针,毒药,灸焫
A,血虚型月经过少最佳选方为,滋血汤,归肾丸,两者均是,二者均不是,
A,苏合香丸的功用是,芳香开窍，行气止痛,芳香开窍，定惊安神,芳香化浊，安神定惊,开窍定惊，辟秽化浊,开窍定惊，辟秽解毒
E,病势危重，汗热而黏如油，躁扰烦渴，脉细数疾属于,盗汗,战汗,亡阳之汗,自汗,亡阴之汗
D,下列各项，不属和法治疗范畴的是,透膜达原,调和肝脾,分消上下,消食和胃,调和营卫
B,硬皮病属于中医哪一类型的痹症：,风痹,寒痹,湿痹,热痹,历节
D,丁香具有的功效是,散寒止痛，降逆止呕，助阳止泻,温中止痛，补火助阳，降逆止呕,降逆止呕，补火助阳，纳气平喘,温中降逆，散寒止痛，温肾助阳,温胃降逆，温肾纳气，助阳止泻
B,巴戟天、淫羊藿与仙茅均具有的功效是,益气养血,补肾助阳,强筋健骨,活血祛瘀,温通经络
C,短时记忆的容量为,5+2个组块,6+2个组块,7+2个组块,8+2个组块,9+2个组块
A,"称""骨之余""的是",齿,筋,爪,发,皮
E,县级以上地方人民政府卫生行政主管部门具体负责突发事件的,预防为主,预防为主，常备不懈,统一领导，分级负责,统一领导，统一指挥,调查、控制和医疗救治
D,关于记忆概念的理解，错误的是,是一种很重要的心理过程，贯穿在人的各种心理活动之中,包括识记、保持、再认或回忆三个基本环节,保持过程体现了人脑对识记材料的主动加工,以前感知过的事物或场景重新呈现时能够识别出来，属于再现,直观的、形象的、有意义的材料比抽象的、枯燥的材料识记效果好
D,患者全身反复出现红斑鳞屑10余年，复发2个月。检查：全身散见暗红斑，上覆较厚灰白色鳞屑，肥厚浸润，舌暗红有瘀斑，脉细。其证候是,火毒炽盛证,血虚风燥证,血热内蕴证,气滞血瘀证,湿热蕴阻证
A,"""热者寒之""属于",正治法,反治法,治标法,从治法,治本法
C,X线平片肾结石不显影的是,磷酸钙结石,草酸钙结石,尿酸盐结石,磷酸镁胺结石,胱氨酸结石
B,里热证常见,发热恶寒,但热不寒,发热恶风,寒热往来,但寒不热
B,附子、干姜共同主治病证是,元气暴脱，大汗淋漓,亡阳欲脱，四肢厥冷,神志昏迷，不省人事,气虚不足，倦怠乏力,肾阳不足，畏寒肢冷
D,女子胞的功能与下述哪脏关系较不密切,肝,心,脾,肺,肾
E,患者，男，36岁，腹胀，食欲减退，胸脘痞满，恶心呕吐，身目发黄，头重身困，大便溏薄，舌苔腻微黄，脉濡缓，宜选,泽泻配木通,瞿麦配萹蓄,木通配车前子,茯苓配猪苓,茯苓配滑石
D,麻黄根与浮小麦共同的功效是,止泻,止咳,止遗,止汗,止血
C,患者女，面部皮肤油腻，起红色丘疹、脓疱，有肿痛，伴口臭、便秘、溲黄，舌红，苔黄腻，脉滑数。本证脓疱较多者，应酌加：,生山楂、内金、枳实,贝母、穿山甲、皂刺,白花蛇舌草、野菊花,三棱、莪术、夏枯草,益母草、泽兰
C,《温热经纬》清暑益气汤的功用是,清暑益气，除湿健脾,祛暑解表，清热化湿,清暑益气，养阴生津,清暑益气，和胃止呕,清暑利湿，和胃止呕
C,眼球突出，兼喘满上气者属于,水肿,吐泻伤津,痰浊阻肺,肝郁化火,风热邪毒上攻
A,乌梅丸中用来安蛔的药物是,乌梅,细辛,附子,干姜,黄连
D,患者皮肤可见紫色扁平丘疹，伴性急易怒，胁肋胀痛，经前乳胀。舌红，苔白，脉弦。其证候是,火毒炽盛证,血虚风燥证,湿热蕴肤证,肝郁气滞证,风盛血瘀证
D,龙骨与磁石的相同功效是,清热解毒,收敛止汗,聪耳明目,平肝潜阳,活血散瘀
E,患者下肢伸侧出现暗红色疼痛性皮下结节，反复不愈，伴关节痛，遇寒加重，肢冷沉重，口不渴，便不干，舌淡，苔白，脉沉缓。其诊断是,肌痹,红蝴蝶疮,皮痹,猫眼疮,瓜藤缠
C,西洋参的功效是,补气，生津，宁心,补脾肺气，补血，生津,补气养阴，清热生津,补气，生津，止汗,补气，生津，安胎
A,除哪项外，均可用于神经性皮炎的治疗：,激光疗法,皮质类固醇激素硬膏,皮质类固醇霜剂,静脉封闭疗法,黑豆馏油外用
C,一患者近来饮食减少，食后胃脘不舒，倦怠乏力，大便溏薄，面色萎黄，脉弱。辨证为脾气虚。该患者的舌象最可能的是,舌红苔黄,舌红苔白,舌淡苔薄,舌淡苔黄,舌干少苔
A,血疱的中医辨证多是,血热,风热,热毒,湿热,痰湿凝聚
D,少阴热化证的主要临床表现不包括,脉象细数,心烦失眠,口燥咽干,心悸气短,舌尖红赤
E,下列各项，属实证疼痛特点的是,久病疼痛,痛势较轻,疼痛喜按,时痛时止,疼痛拒按
B,体弱气虚、少气懒言者，多表现为,坐而喜仰,坐而喜俯,但坐不得卧，卧则气逆,俯卧伸足，掀去衣被,喜温思睡
C,与痰饮、瘀血、结石形成密切相关的是,寒凝,气虚,气滞,血热,湿热
A,奠定中国医学人道传统的文献是,《黄帝内经》,宋国宾《医业伦理学》,孙思邈《备急千金要方》,希波克拉底《希波克拉底誓言》,帕茨瓦尔《医学伦理学》
D,人参配莱菔子，莱菔子能消弱人参的补气功效，这种配伍关系属于的是,相须,相使,相畏,相恶,相杀
C,鸦胆子的用法用量是,3～10g，先煎,3～10g，煎服,0.5～2g，吞服,1～15粒，后下,10～30粒，吞服
E,下列各项，不属于冰片主治病证的是,闭证神昏,目赤肿痛,喉痹口疮,疮疡肿痛,血瘀经闭
C,王某，女，1周来全身不适，近几天发热，头眩，脘腹痞满，恶心欲吐，不思饮食，厌食油腻，神疲无力，皮肤发黄，小便黄如浓茶，大便灰白。舌红苔黄腻，脉数。本案黄疸，属于哪类证型,湿重于热,热重于湿,湿热并重,热盛里实,以上都不是
D,治疗肝郁脾虚所致的带下，宜选用的方剂是,小柴胡汤,逍遥散,易黄汤,完带汤,参苓白术散
C,大腹皮的功效是,理气健脾，燥湿化痰,疏肝理气，消积化滞,行气宽中，利水消肿,行气散结，散寒止痛,行气止痛，温肾散寒
D,红皮病发热口渴，皮疹为麻疹样，灼热瘙痒伴咽痛，舌红苔黄，脉数，应使用的方药是：,龙胆泻肝汤,犀角地黄汤,清瘟败毒饮,化斑解毒汤,凉血地黄汤
E,胸骨后痛常见于,胸膜炎,心脏神经官能症,肺梗死,自发性气胸,反流性食管炎
B,气腹时肝浊音界变化是,肝浊音界扩大,肝浊音界缩小或消失,肝浊音界不变,肝浊音界下移,肝浊音界上移
A,否认自己有病，不及时就医是病人角色的,角色行为缺如,角色行为冲突,角色行为减退,角色行为强化,角色行为异常
D,川芎茶调散的君药是,代赭石,怀牛膝,白芷,川芎,薄荷
C,天麻钩藤饮的功用是,凉肝息风，增液舒筋,镇肝息风，滋阴潜阳,平肝息风，清热活血,滋阴活血，息风止痉,凉肝息风，开窍醒神
E,病人呕吐黄绿苦水属于,寒呕,热呕,伤食,痰饮,肝胆郁热
C,动脉与长脉的主要不同点，在于,脉位的浮沉,脉力的大小,脉形的长短,脉率的快慢,脉律的齐否
E,《素问·平人气象论》指出虚里是,脾之大络,心之大络,肺之大络,肝之大络,胃之大络
A,具有活血化瘀，散结通络的方剂是,失笑散,少腹逐瘀汤,生化汤,复原活血汤,身痛逐瘀汤
B,长于治疗下焦血热所致出血的药物是,蒲黄,地榆,大蓟,侧柏叶,羊蹄
D,既能回阳温中，又能温肺化饮的药物是,肉桂,高良姜,丁香,干姜,附子
A,据《素问·生气通天论》，人体阴阳平衡的关键是,阳气固密于外,阴精充足,精神清静,阴气固守于内,传精神，服天气
A,《素问·痹论》认为行痹是因,风气胜,寒气胜,湿气胜,风、寒、湿三气均胜,风寒气胜
C,下列属于脾虚湿盛舌象的是,芒刺,短缩,齿痕,歪斜,老嫩
C,患者左胁肋部灼热刺痛2天，口苦咽干，心烦易怒，患处皮肤多处红斑，其上集簇疱疹，疱壁紧张，带状分布，伴大便干燥，小便黄，舌质红，苔黄，脉弦数。治疗应首选的方剂是,除湿胃苓汤,六味地黄丸,龙胆泻肝汤,血府逐瘀汤,银翘散
B,具有平肝息风、清热活血、补益肝肾功用的方剂是,镇肝息风汤,天麻钩藤饮,大定风珠,地黄饮子,羚角钩藤汤
B,湿热蕴脾证最少见的症状是,肢体困重,黄色晦暗,身热不扬,泛恶欲呕,脘腹痞胀
D,医德评价中内心信念方式的正确理解是,内心信念是人生下来就有的,"内心信念是自己""反思""的结果",内心信念是内心认识的变化，是看不见摸不着的,内心信念是发自内心的对医德义务的深刻认识和强烈的责任感,内心信念是医德评价中最普遍、最重要的一种方式
D,医务人员对医德义务和医德责任的自我认识和自我评价，指的是,审慎,保密,情感,良心,幸福
A,宣气化湿法的代表方是,三仁汤,王氏连朴饮,杏仁滑石汤,茯苓皮汤,温胆汤
B,发汗不解，腹满痛者，治疗宜用,栀子厚朴汤,大承气汤,大陷胸汤,小承气汤,调胃承气汤
B,下列发热的病因，不属于感染性发热的是,伤寒,中暑,肺脓肿,血吸虫病,流行性脑脊髓膜炎
D,询问家族史的意义是,分析病因,辨别病情,确定病位,排除遗传病,推断预后
C,心理过程包括,感觉、知觉、记忆、思维,个性倾向性、个性心理特征,认知过程、情感过程、意志过程,自我认识、自我体验、自我调控,需要、动机、能力、气质与人格
D,小活络丹的功用是,通经活络，消肿止痛,扶正祛风，活血止痛,祛风止痛，通经活络,祛风除湿，化痰通络，活血止痛,通行经络，活血止痛
A,咳嗽痰少，口干咽燥，声音嘶哑，形体消瘦，午后潮热，腰膝酸软，舌红少苔，脉细数，其证候是,肺肾阴虚证,肺肾气虚证,肾阴虚证,燥邪犯肺证,肺阴虚证
C,少阴热化证的心烦不寐的病机是,邪热内盛,肝阳上扰,水亏火旺,上热下寒,热结胃肠
D,神经性皮炎，皮疹色红，心烦易怒，心悸失眠，口苦咽干，舌边尖红，舌苔薄白，脉弦滑，辨证为：,湿热下注,血虚风燥,风湿蕴阻,肝郁化火,淤血阻络
E,动脉粥样硬化独立的危险因素是,总胆固醇增高,甘油三酯增高,高密度脂蛋白增高,低密度脂蛋白增高,脂蛋白a增高
D,香薷散的主治是,暑热气阴两虚,暑湿偏于热,暑湿偏于湿,阴暑,以上均不对
A,“本太阳病，医反下之，因尔腹满时痛者”，其“腹满时痛”是病属,太阴,阳明,少阴,厥阴,少阳
B,患儿，男，6岁，喜好与猫玩耍，近1月来，头顶部出现约硬币大小白色鳞屑斑，境界清楚，病灶处头发距头皮2～5mm处折断。若作真菌检查，滤过紫外线灯下可见：,暗绿色荧光,亮绿色荧光,浅绿色荧光,绿色荧光,亮黄色荧光
D,苏合香丸的主治病证是,痰热扰心证,痰蒙心包证,热陷心包证,寒闭证,心火亢盛证
B,据《素问·热论》，巨阳为诸阳主气，是因其脉连于,风池,风府,百会,大椎,阳维
C,地榆具有的功效是,清肝泻火,散瘀消痈,解毒敛疮,化痰止咳,清热利尿
D,奇痒难忍，夜间尤甚，或可相互传染的是,湿痒,风痒,热痒,虫痒,血虚痒
E,足三阴经的走向规律是,从足走头,从头走足,从胸走手,从手走头,从足走腹
E,与呼吸运动关系最密切的是,心、肺,心、肝,肺、脾,肺、肝,肺、肾
A,透邪解郁，疏肝理脾的方剂是,四逆散,大柴胡汤,痛泻要方,蒿芩清胆汤,半夏泻心汤
E,以下属于卫生法中规定须承担刑事责任的情形为,非法采集、供应血液,违反国境卫生检疫,非法行医情节严重,违反规定造成病菌种、毒种扩散,以上都是
D,下列不属于阴道清洁度检查的是,杆菌,球菌,上皮细胞,红细胞,白细胞
B,《传染病防治法》明确规定的传染病防治方针是,防治结合,预防为主,依靠科学,分类管理,控制为主
C,可引起嗜酸性粒细胞增多的疾病是,库欣综合征,化脓性感染,寄生虫病,肺结核,伤寒
C,下列关于瘢痕的描述中，哪项不正确：,为新生结缔组织及新生表皮,表面光滑,汗腺、皮脂腺减少或消失，毛发正常,可分为肥厚性及萎缩性两类,病机为局部气血凝滞
B,心电图上U波明显增高提示的是,高血钾,低血钾,高血钙,低血钙,低血镁
E,下列病理情况出现负性心尖搏动的是,慢性阻塞性肺气肿,右心室肥大,左心室肥大,大量心包积液,粘连性心包炎
D,可出现抽搐伴意识丧失的疾病是,破伤风,狂犬病,低钙抽搐,癫痫大发作,癔症性抽搐
C,桂枝去芍药汤，去芍药的理由是,因阴液未伤,因无腹痛,芍药阴柔，有碍宣通阳气,更利于解表,无需调和营卫
A,突发公共卫生事件应急工作应遵循的方针是,预防为主、常备不懈,统一领导、分级负责,反应及时、措施果断,统一领导、加强合作,依靠科学、分工负责
C,中医学认为，决定临床病证虚实变化的是,气血津液的盛衰变化,气机升降出入的失常,正气与邪气的盛衰变化,阴精与阳气的偏盛偏衰,脏腑功能活动的盛衰变化
C,下列属于成熟防御机制的是,压抑,转移,幽默,压抑,否认
C,伤寒的隔离种类是,严密隔离,呼吸道隔离,消化道隔离,接触隔离,昆虫隔离
D,茵陈蒿汤主治病证的病机是,湿热外感,湿热流注,寒湿困脾,湿热郁蒸,湿浊内阻
D,槐花长于治疗,肺胃出血,头面出血,上焦出血,下焦出血,崩漏下血
D,当房角为窄Ⅲ时：,加压后能看到睫状体带,不加压能看到睫状体带,能看到巩膜突,能看到前部小梁,只能看到前界线
A,"《素问·至真要大论》认为，""诸胀腹大""者，病属于",热,火,寒,脾,肾
A,伤寒传播途径是,粪-口传播,直接传播,间接传播,消化道,水源污染
A,舌色淡紫而湿润属于,阳虚血瘀证,风热犯肺,气营两燔,寒凝血瘀,肾阴虚火旺
A,妊娠后期出现的失音是,子喑,喉痹,喉风,喉癣,喉菌
B,颈肿眼突，可诊断为,肺胀,瘿瘤,瘰疬,痄腮,发颐
C,流行性出血热发热期慎用的治疗方法是,抗病毒,免疫治疗,发汗退热,对症治疗,预防DIC
D,用于肝气郁滞或肝胃不和所致的胁肋作痛兼见热象者，最宜选用的药物是,香附,延胡索,沉香,川楝子,木香
C,以人本主义理论为基础的疗法是,自由联想疗法,森田疗法,询者中心疗法,系统脱敏疗法,支持疗法
D,紫花地丁善于治疗的病证是,乳痈,肠痈,肺痈,疔毒,大头瘟毒
C,口苦，咽干，寒热往来，胸胁苦满，脉弦，其证候是,太阳经证,太阳腑证,少阳病证,阳明经证,阳明腑证
B,各种过敏性疾病出现的是,IgG降低,IgE增高,IgD降低,IgG升高,IgE降低
A,具有行气止痛、杀虫疗癣功效的药物是,川楝子,丁香,佛手,沉香,香附
D,下列选项属病变虚实变化内涵的是,邪气亢盛与否,正气旺盛与否,脏腑功能的盛衰,正邪力量的盛衰,气血旺盛与否
A,《素问·阴阳应象大论》云，治病必求于本，本是指,阴阳,天地,气血,父母,寒热
C,"""勿以善小而不为，勿以恶小而为之""，强调医德修养要坚持的一个重要方法是",典型示范,正面疏导,慎独,动机与效果相统一,理论与实践相结合
A,患者右眼疼痛拒按，羞明流泪，白睛局部结节隆起，色红紫暗，伴口苦咽干，便秘溲赤，舌红，苔黄，脉数。其证候是,火毒蕴结证,肺热亢盛证,肝胆火炽证,热积腑实证,风热上攻证
A,下列方剂中，柴胡用量宜小的是,补中益气汤,小柴胡汤,逍遥散,四逆散,以上均不是
C,平原地区成年男性血红蛋白正常参考值是,100～140g／L,140～170g／L,120～160g／L,110～150g／L,170～200g／L
B,具有凉血止血、清肝泻火功效的药物是,金银花,槐花,连翘,生地黄,旋覆花
C,"称""筋之余""的是",齿,筋,爪,发,皮
B,里虚寒证出现畏寒肢冷的病机是,寒邪束表，卫气失宣,阳虚机体失于温煦,阴寒内盛，阳气被郁,气滞血瘀，阳气不达肌肤,肝郁，阳气不宣
B,丁香柿蒂汤的功用是,降逆止呃，益气清热,温中益气，降逆止呃,降气化痰，益气和胃,降气平喘，祛痰止咳,行气散结，降逆化痰
D,尿液呈乳糜样的疾病是,急性肾小球肾炎,急性肝炎,急性溶血,丝虫病,肾盂肾炎
D,缺铁性贫血患者，经铁剂治疗1周后，首先出现的治疗反应是,红细胞增高,血清铁增高,血细胞比容增高,网织红细胞增高,红细胞平均容积恢复正常
A,a波和b波均下降最常见的眼病是：,视网膜色素变性,视网膜中央动脉阻塞,糖尿病视网膜病变,视网膜血管畸形,脉络膜色素细胞瘤
E,气滞气逆常引起：,瞳神紧小,云雾移睛,白涩症,胞睑下垂,胞生痰核
D,患者，女性，双眼干涩不爽两年余，伴视物疲劳，咽干便秘，偶有烦热；检查所见：白睛如常，黑睛见少量细小染色。根据症状及检查，应诊断为：,金疳,火疳,时复症,白涩症,疳积上目
D,活血止痛，消肿生肌的最佳配伍是,川芎、白芷,苏木、自然铜,五灵脂、蒲黄,乳香、没药,延胡索、降香
E,角膜在组织学上分为5层，哪层损伤后修复迅速：,前弹力层,后弹力层,实质层,内皮细胞层,上皮细胞层
A,蛔虫腹痛，宜用,花椒,丁香,干姜,吴茱萸,小茴香
A,患者，男，25岁，须发早白，小便带血热痛，口臭，舌红，苔薄黄，脉滑数。针对尿血、口臭，宜首选的药物是,白茅根,槐花,侧柏叶,芦根,大蓟
C,患者右眼珠高突，转动受限，胞睑红肿，白睛红赤壅肿，头眼剧痛，壮热神昏，便秘溲赤，舌红苔黄，脉数有力。其证候是,风热毒攻证,肝胆火炽证,火毒壅滞证,肺火炽盛证,阴虚火炎证
A,吐舌的特征为,舌伸出口外，不能立即回缩,舌体动摇不宁,伸舌即回缩,反复舐口唇四周，动摇不宁,舌体不自主颤动
C,处于恢复期时最理想的医患关系模式是,主动－被动型,指导－合作型,共同参与型,患者至上型,互惠型
A,符合慢性粒细胞性白血病的是,骨髓增生极度活跃,骨髓增生明显活跃,骨髓增生活跃,骨髓增生减低,骨髓增生极度减低
D,妇女妊娠脉象的特点是,沉紧,虚细,洪数,滑数,弦涩
A,邪热亢盛时脉象多为,脉数有力,脉数无力,脉浮大虚数,脉滑数,脉细数
D,关于肝的描述不正确的是,喜条达恶抑郁,体阴用阳,罢极之本,主统血,主升主动
D,临床上对酒精依赖患者的心理治疗，应首先采用的疗法是,认知疗法,系统脱敏法,自由联想法,厌恶疗法,询者中心疗法
B,发现尿路阳性结石的最常用方法是,膀胱镜,腹部平片,逆行尿路造影,腹部CT检查,静脉肾盂造影
D,下列可出现酱油色尿的是,血友病,膀胱炎,肾盂肾炎,蚕豆病,缺铁性贫血
A,脉浮，小便不利，微热消渴，治宜选用,五苓散,栝蒌瞿麦丸,猪苓汤,白虎加人参汤,文蛤散
E,下列导致病理性语颤增强的是,阻塞性肺不张,大量胸腔积液,支气管哮喘发作,胸膜增厚粘连,肺实变
B,肾气衰，发堕齿槁,四八,五八,六八,七八,八八
B,患者头眼剧痛，视力急剧下降，恶心呕吐。下面哪种检查能支持突起睛高的诊断：,睛球的突出度测量,全血计数,血清甲状腺素,眼压的测量,眼眶的X片
B,下列疾病，表现为转移性右下腹痛的是,肠炎,阑尾炎,胃炎,胆囊炎,胰腺炎
D,秦艽具有的功效是,止痹痛，治骨鲠,通经络，利水,止痹痛，解表,通络止痛，退虚热，清湿热,止痹痛，安胎
A,苏合香丸的组成药物中含有,香附,藿香,佩兰,砂仁,良姜
A,下面为电光性眼炎的临床特点；除了：,视力剧降,眼痛难忍,热泪如汤,白睛红赤,黑睛星翳
B,紫花地丁善治,湿毒,疔毒,梅毒,大头瘟毒,毒蛇咬伤
B,伤寒杆菌的主要致病因素为,肠毒素,内毒素,侵袭力,H抗原,神经毒素
B,胃肠道穿孔的X线表现是,小肠扩张，大量积气积液,膈下可见新月形透亮气体影,胃内积气,结肠内可见气体,腹部均致密，腰大肌清晰
B,阳明病的主脉是,浮脉,大脉,洪大脉,浮滑脉,沉脉
C,治疗邪热壅肺之咳喘、气急，应选用的药组是,半夏、天南星,陈皮、半夏,麻黄、石膏,白芥子、莱菔子,杏仁、白果
E,青风内障的视觉特点是,视力昏花，云雾飘浮,视力骤降，视物遮挡,视力渐降，入暮模糊,视物变形，视一为二,视力渐降，视野渐窄
A,藿香、佩兰的共同功效是,化湿，解暑,燥湿，解表,行气，解表,燥湿，止呕,化湿行气，温中
A,针眼一名始见于：,《证治准绳·七窍门》,《银海精微》,《诸病源候论》,《秘传眼科龙木论》,《龙树菩萨眼论》
A,治疗下焦湿热之尿频淋漓，宜选用的方剂是,八正散,三仁汤,小蓟饮子,真武汤,萆薢分清饮
A,患者上胞下垂，晨起病轻，午后加重，并伴周身乏力，吞咽困难。本病的辨证为：,脾虚失运，中气不足,命门火衰，脾阳不足,肝虚血少，风邪客于胞睑,脾胃损伤，复感风邪,脉络阻滞，气血运行不畅
B,治疗脾肾阳虚，五更泄泻，最宜与补骨脂配伍冉药物是,黄连,肉豆蔻,槟榔,莲子,赤石脂
A,用于阴虚火旺，迫血妄行之崩漏的最佳方剂是,固经丸,固冲汤,生化汤,黄土汤,温经汤
D,天行赤眼的病因病机是,肺经蕴热，风热外袭,肺卫不固，风邪外侵,脾失健运，湿痰内聚,肺胃积热，外感疠气,脾胃气虚，余热未清
C,太阴病的主要临床表现是,食纳减少,胸下结硬,腹满而吐,时腹自痛,自利不渴
A,下列关于少阴病提纲脉证机理的描述最确切的是,心肾阳虚，阴血不足，神失所养,邪入少阴，心肾虚衰，水火失济,心肾阳虚，阴寒内盛，水气不化,心肾阳虚，阴寒内盛，阳不外达,心肾阳虚，阴寒内盛，浊阴上蒙
A,医生的权利是,具有独立做出诊断和治疗的权利以及特殊干涉权,对病人义务和对社会义务的统一,特殊干涉权,保持和恢复健康，积极配合医疗，支持医学科学研究,支持医学科学研究
C,面色苍白，泛红如妆者，属,湿热证,实热证,戴阳证,阳虚证,阳气暴脱证
A,不属于太阴脏虚寒证的症状是,胸下结硬,腹满,呕吐、食不下,自利不渴,时腹自痛
E,青皮与陈皮的功效区别是,陈皮理脾胃之气，消积化滞；青皮理肝气，散寒止痛,陈皮理脾胃之气，燥湿化痰；青皮理肝气，活血止痛,陈皮理脾胃之气，降气化痰；青皮理肝气，消积化滞,陈皮理脾胃之气，降气化痰；青皮理肝气，活血调经,陈皮理脾胃之气，燥湿化痰；青皮理肝气，消积化滞
E,患者暴怒后起病，右眼视力急降，外观端好，视乳头充血、水肿，边界不清，视网膜动脉细，静脉高度迂曲怒张，部分呈腊肠状，视网膜大量火焰状出血，色鲜红，黄斑区被出血遮盖，伴有眼胀头痛，胸胁胀痛，情志不舒，烦躁失眠，舌红有瘀斑，苔薄白，脉涩。其治法是,滋阴潜阳，平肝熄风,养心健脾，益气摄血,补益肝肾，和血明目,清热除湿，化瘀通络,理气解郁，化瘀止血
C,患者，女，45岁，胸闷，甚至胸痛彻背，喘息咳唾，短气，舌苔白腻，脉沉弦，宜首选,瓜蒌配木香,瓜蒌配生姜,瓜蒌配薤白,瓜蒌配竹茹,瓜蒌配天南星
A,下列有关慢性肝炎中医治疗的叙述，不恰当的是,肝胆湿热证，主方用芍药汤,脾肾阳虚证，主方用金匮肾气丸,肝肾阴虚证，主方用滋水清肝饮,肝郁脾虚证，主方用逍遥散,瘀血阻络证，主方用血府逐瘀汤
A,对患者知情同意权的做法中，错误的是,无家属承诺，即使患者本人知情同意也不能给予手术治疗,对某些特殊急诊抢救视为例外,婴幼儿可以由监护人决定,做到充分知情,做到有效同意
A,斑秃属于,血虚受风,气血两虚,血虚化燥,肾虚,阴虚
E,时复症睑结膜型有以下特征，除了：,上睑结膜充血污浊,上睑结膜组织模糊欠清,上睑见肥大乳头,病变仅限于上睑结膜,病变往往侵犯穹隆部结膜
D,患者大出血时会导致全身无力的基本病机是,气能摄血,血能载气,气不摄血,气随血脱,气虚血瘀
D,黄土汤的组成药物中含有,熟地黄、人参、干姜、附子,生地黄、当归、炮姜、附子,熟附子、干姜、黄芪、人参,干地黄、阿胶、附子、黄芩,熟地黄、芍药、附子、干姜
B,肺在体是,脉,皮,肌肉,骨,筋
B,虎杖的功效是,活血调经，清热利湿，解毒消疮，化痰平喘,利湿退黄，清热解毒，散瘀止痛，化痰止咳,活血定痛，清热利湿，解毒通便，化痰止咳,活血通络，祛湿退黄，清热解毒，利尿通便,活血消瘢，利湿退肿，解毒疗疮，化痰通便
B,脾虚湿困型云雾移睛首选方剂是：,三仁汤,六君子汤,宁血汤,血府逐瘀汤,明目地黄丸
E,患者，男，28岁。发热4天，经用解表药发汗，热不退反增，伴头汗出，面色潮红，腹胀满，按之不适，大便干硬，日一行。舌红，苔黄厚，脉沉弦。临床最佳辨证当是,大承气汤证,大陷胸汤证,白虎汤证,大黄黄连泻心汤证,调胃承气汤证
C,功能化湿行气，温中止呕的药物是,藿香,佩兰,豆蔻,厚朴,苍术
E,患者胸胁灼痛，急躁易怒，咳嗽阵作，有时痰中带血，面色红赤，舌红苔黄，脉细数，辨证为,痰热壅肺证,肝火上炎证,肺热炽盛证,肝胃不和证,肝火犯肺证
E,白术的主治病证是,治疗妊娠恶阻，胎动不安,治疗妊娠胎漏下血，胎动欲坠,治疗妊娠胎热，胎动不安,治疗妊娠肝肾亏虚，胎动不安,治疗妊娠脾虚气弱，胎动不安
A,患者暴怒后起病，右眼视力急降，外观端好，视乳头充血、水肿，边界不清，视网膜动脉细，静脉高度迂曲怒张，部分呈腊肠状，视网膜大量火焰状出血，色鲜红，黄斑区被出血遮盖，伴有眼胀头痛，胸胁胀痛，情志不舒，烦躁失眠，舌红有瘀斑，苔薄白，脉涩。其证候是,气滞血瘀证,阴虚阳亢证,心脾两虚证,肝肾不足证,痰瘀互结证
E,下列各项中属于“反佐”范畴的是,热因热用,壮水制火,以泻代清,火郁发之,寒药热服
D,下列哪项症状不属苓桂术甘汤所治,目眩,短气,胸胁支满,脐下有悸,小便不利
B,在HBV标记物中，对人体有保护作用的是,HBsAg,抗-HBs,HBeAg,抗-HBe,抗-HBc
C,桔梗具有的功效是,润肺，止咳，下气，化痰,宣肺，利咽，清肺，化痰,宣肺，利咽，祛痰，排脓,降气，止咳，祛痰，排脓,降气，止呕，祛痰，排脓
C,"体现""甘温除热""法的方剂是",参苓白术散,生脉散,补中益气汤,四君子汤,六君子汤
B,既可涩肠止泻又可温中行气的药物是,五味子,肉豆蔻,五倍子,赤石脂,诃子
B,上侧的正常白色视野为：,50°,55°,60°,70°,90°
A,冠心病患者中有一种特征性的行为模式被称为,A型行为类型,B型行为类型,C型行为类型,D型行为类型,E型行为类型
C,身热，心烦躁扰不寐，口燥咽干，舌红苔黄，脉细数。治宜,竹叶石膏汤,青蒿鳖甲汤,黄连阿胶汤,加减复脉汤,三甲复脉汤
A,"依据原文：""伤寒二三日，心中悸而烦者""，所用的方药是",小建中汤,炙甘草汤,桂枝人参汤,桂枝甘草汤,茯苓桂枝甘草大枣汤
B,对诊断肝火犯肺证最有意义的症状是,咳嗽阵作，痰黄稠黏,胸胁灼痛，咳痰黄稠,头胀头晕，面红目赤,急躁易怒，口苦口干,舌红苔黄，脉象滑数
E,桂枝汤中配伍炙甘草的主要用意是,益气补虚,扶正祛邪,缓峻护正,化痰止咳,调和诸药
C,消风散的组成药物中含有,薄荷,细辛,胡麻,秦艽,桑叶
C,龙胆泻肝汤的臣药是,大黄、黄连,黄芩、黄连,黄芩、栀子,黄连、栀子,黄连、黄柏
A,竹叶石膏汤的药物组成为,竹叶、石膏、半夏、麦门冬、人参、甘草、粳米,竹叶、石膏、知母、麦门冬、人参、粳米、甘草,竹叶、石膏、知母、半夏、麦门冬、人参、粳米,竹叶、石膏、半夏、麦门冬、白术、甘草、粳米,竹叶、石膏、半夏、天门冬、人参、甘草、粳米
D,春温病名首见于,《内经》,《难经》,《千金方》,《伤寒补亡论》,《温病条辨》
E,根据血尿出血部位不同临床上血尿分为,功能性血尿,器质性血尿,肉眼血尿，镜下血尿,原发性血尿，继发性血尿,肾小球性及非肾小球性血尿
C,不在行经期间，阴道大量出血，或持续下血，淋漓不止者称为,经期错乱,月经衍期,崩漏,月经过少,月经过多
B,湿热交蒸，内阻中焦，首选方剂是,三仁汤,王氏连朴饮,雷氏芳香化浊法,白虎加苍术汤,甘露消毒饮
D,血痹阴阳俱微，寸口关上微，尺中小紧，外证身体不仁，如风痹状，治疗所用的方剂是,风引汤,头风摩散,乌头汤,黄芪桂枝五物汤,桂枝加黄芪汤
E,泌尿系检查临床上最常用的检查方法是,膀胱镜,腹部平片,逆行尿路造影,腹部CT检查,静脉肾盂造影
E,酒食伤脾，眩晕呕吐，胸膈痞闷，食少体倦，小便不利，大便泄泻，苔腻脉滑者。治宜选用,健脾丸,保和丸,枳实消痞丸,真人养脏汤,葛花解酲汤
D,治疗耳胀耳闭，一般不采用的外治法是,滴鼻,鼓膜按摩,咽鼓管吹张,滴耳,鼓膜穿刺
A,具有主决断功能的腑是,胆,胃,小肠,大肠,膀胱
B,下列检查项目不属于一般检查内容的是,面容表情,神经反射,意识状态,生命体征,皮肤黏膜
A,正常人12小时夜尿量是,小于750mL,小于600mL,小于700mL,小于550mL,小于720mL
A,辨别声源方向，协同集声作用的是(　　)。,外耳的生理,中耳的生理,中枢听觉通路生理,耳蜗的生理,前庭的生理
B,犀角地黄汤的功用是,活血祛瘀，行气止痛,清热解毒，凉血散瘀,清肝宁肺，凉血止血,利血通肺，凉血止血,清营解毒，透热养阴
A,具有息风镇痉、攻毒散结、通络止痛功效的药物是,全蝎、蜈蚣,地龙、僵蚕,龙骨、牡蛎,石决明、决明子,天麻、钩藤
D,治疗肾虚便秘，首选的方剂是,温脾汤,麻子仁丸,十枣汤,济川煎,黄龙汤
D,鼻渊的病因病机是,邪毒久留，血瘀鼻窍,热毒熏蒸，痰热蕴结,肺肾阴虚，鼻窍失养,脾胃湿热，熏蒸鼻窍,脾气虚弱，清阳不升
A,解表药主要用于,风寒或风热表证,水肿初起兼有表证,肺气不宣咳嗽,麻疹初起透发不畅,风湿性关节疼痛
C,具有理气健脾，燥湿化痰功效的药物是,枳实,佛手,陈皮,薤白,川楝子
A,巨幼红细胞性贫血的主要原因是,造血原料不足,造血功能障碍,慢性失血,红细胞破坏增多,慢性感染
C,桃核承气汤证的治法是,活血化瘀，软坚散结,清热化瘀，通下里实,活血化瘀，泻下里热,清热活血，分消湿热,以上均不是
E,三度房室传导阻滞时，可出现的心电图改变是,P-P不等，P-R一致,P-P不等，P-R渐长,"无P波，代之以""F""波，R-R不等","无P波，代之以""F""波，F与R成比例",P-P相等，R-R相等，P-R不等
B,具有凉血止血散瘀功效，尤善治尿血的药物是,白茅根,小蓟,血余炭,地榆,茜草
D,肾衰竭期,Ccr80～120mL/min,Ccr50～80mL/min,Ccr20～50mL/min,Ccr10～20mL/min,Ccr小于10mL/min
B,诸痿喘呕，皆属于,下,上,湿,火,心
B,男，14岁，咽喉疼痛3天。三天前受凉后发咽痛，吞咽痛逐渐加剧，伴颌下淋巴结肿痛，发热，面赤口渴，便结溲黄。检查喉核红肿，表面可见脓点，喉底及喉关肌膜红赤，T 39℃，舌红苔黄厚，脉滑数。其选用的方剂为(　　)。,疏风清热汤,清咽利膈汤,龙胆泻肝汤,参苓白术散,银翘散加减
C,《素问·灵兰秘典论》指出心的主要生理功能是,谋虑出焉,伎巧出焉,神明出焉,喜乐出焉,治节出焉
D,“春”的结构是,象形字,指事字,会意字,形声字,假借字
E,患者咽痛剧烈，吞咽困难，全身见高热，口渴引饮，便秘尿黄，舌质红，苔黄厚，脉数。检查见喉核红肿，表面有黄白色脓点。治疗应首选的方剂是,六君子汤,疏风清热汤,六味汤,百合固金汤,清咽利膈汤
D,栝蒌瞿麦丸证的病机为,肾阳不足，水气内停,膀胱气化不行,肺热伤津,肾阳不足，下寒上燥,水饮停胃
C,柿蒂能够,破气,补气,降气,纳气,疏肝
C,决定湿温病湿热孰轻孰重的主要因素是,邪气的盛衰,元气的盛衰,中气的盛衰,肾气的盛衰,宗气的盛衰
D,鼻息肉的别名是,鼻菌,鼻瘤,鼻痰包,鼻痔,鼻岩
C,水蛭的功效是,活血通经，下乳，消肿排脓,破血逐瘀，续筋接骨,破血通经，逐瘀消癥,活血祛瘀，行水消肿,破血逐瘀，止血定痛
B,中年人随年龄增长而继续上升的智力是,流体智力,晶体智力,特殊智力,一般智力,以上都不是
E,热壅血滞宜配伍,温里散寒药,清热凉血药,软坚散结药,活血药,清热药
D,湿浊蒙上，泌别失职证，其开窍方药应选用,至宝丹,安宫牛黄丸,玉枢丹,苏合香丸,清营汤
B,"临床上""见肝之病，知肝传脾，当先实脾""的防病原则属于",未病先防,既病防变,调理阴阳,扶正祛邪,治病求本
B,“木火刑金”在五行学说中属于,相乘,相侮,相生,子病及母,母病及子
C,胸痹缓急者，治宜,枳实薤白桂枝汤,瓜蒌薤白白酒汤,薏苡附子散,瓜蒌薤白半夏汤,橘枳姜汤
C,下列不属于耳鸣病机的是,肝胆火盛，上扰清窍,湿热时邪，蒙闭清窍,营血不足，清气不升,风邪上袭，经气闭阻,肝肾阴虚，虚阳上扰
C,患者，男，50岁。咳嗽喘促，呼多吸少动则益甚，声低息微，腰膝酸软，舌淡，脉沉细两尺无力。其病机是,肺气虚损,肺阴虚亏,肺肾气虚,肺肾阴虚,肾气虚衰
D,手足少阳经交接的部位在,目内眦,目眶下,拇指端,目外眦,鼻翼旁
C,正常口腔温度的范围是,36℃～37℃,36.2℃～37.3℃,36.3℃～37.2℃,36.5℃～37.7℃,36.3℃～37.5℃
E,组成中含有龟版、鳖甲、牡蛎的方剂是,牡蛎散,大补阴丸,镇肝息风汤,青蒿鳖甲汤,大定风珠
E,黄龙汤煎时“加桔梗一撮”的主要用意是,宣肺化痰止咳,宣肺祛痰利咽,宣肺利气排脓,升提以防正脱,宣肺以助通畅
C,食道异物取出术后最主要的处理为：,服用抗生素,卧床,禁食,禁声,练习发声
D,旋覆代赭汤证的病机是,脾运失职，聚湿成痰，胃气上逆,脾胃虚弱，痰湿内聚，胃气上逆,脾胃阳虚，寒痰中阻，升降失常,胃虚痰阻，虚气上逆,肝脾不调，胆热乘胃，升降失司
C,应先扶正后祛邪的是,真实假虚证,真虚假实证,虚实夹杂而正虚不耐攻之证,虚实夹杂而正虚尚耐攻之证,虚实夹杂而病邪容易扩散之证
A,临床上，脾虚湿滞证的表现是,虚实错杂,因实致虚,因虚致实,真实假虚,真虚假实
A,常咯出大量脓臭痰的疾病是,支气管扩张,慢性支气管炎,晚期肺癌,支气管哮喘,早期肺结核
D,(      )负责对实施情况进行监督检查。,上级主管单位,领导班子,行政职能部门,纪检监察纠风部门,
A,既能治疗瘰疬癣疮，又能治疗寒痰哮喘的药物是,砒石,炉甘石,铅丹,硼砂,轻粉
D,传染性非典型肺炎发病时间集中在哪个季节,冬季,春季,夏季,冬春季,春夏季
D,常表现为黏液脓血便伴里急后重的疾病是,伤寒,肠结核,Crohn病,细菌性痢疾,阿米巴痢疾
B,玉女煎的主治病证是,肝火犯胃证,胃热阴虚证,心经火热证,肝胆实火证,胃火上攻证
B,产于山东的道地药材是,党参,阿胶,人参,乌头,菊花
C,下列各项，不属不伤害原则真正意义的是,培养为病人高度负责的精神,保护病人健康和生命的理念,消除任何医疗伤害,避免使病人受到不应有的医疗伤害,正确对待医疗伤害现象
B,坐骨神经痛可出现的体征是,布鲁津斯基征,克尼格征,颈强直,霍夫曼征,肌阵挛
D,下列各项，组成药物中不含白芍的方剂是,羚角钩藤汤,镇肝熄风汤,大秦艽汤,天麻钩藤饮,大定风珠
B,牛蒡子的药性与归经是,甘，寒。归肺、肝经,辛、苦，寒。归肺、胃经,甘、苦，寒。归肺、肝经,辛、甘，凉。归肝、胃经,辛、苦，微寒。归肺、胃、小肠经
B,外感六淫中，常为其他外邪之先导的邪气是,暑邪,风邪,火邪,燥邪,湿邪
A,虚证的概念是,以正气不足，抗病能力低下为主的病理变化,正气不足，邪气亢盛的病理变化,邪气亢盛，正气日衰，脏腑机能减退的病理变化,正虚邪恋的病理变化,邪正相持的病理变化
D,检查镫骨是否固定常用(　　)。,任内氏试验,韦伯氏试验,施瓦巴赫氏试验,盖莱氏试验,纯音测听计检查法
A,在医德教育活动中，某科室通过播放白求恩、柯棣华、钟南山等优秀白衣战士的高尚事迹，激励广大医务工作者要大力弘扬勇于奉献的精神。这种教育方法是,典型示范,正面疏导,慎独,动机与效果相统一,理论与实践相结合
B,"不属于""现病史""的问诊内容的是",起病情况与患病时间,预防接种,伴随症状,诊治经过,一般情况
E,藿香正气散中不含有的药物是,白芷、茯苓,紫苏、白术,半夏、陈皮,半夏、厚朴,木香、苍术
C,患者，女，72岁。咯痰清稀，喘息短气，自汗畏风，舌淡苔白，脉沉细。其证型是,饮停胸胁证,寒痰阻肺证,肺气虚证,风寒束表证,风寒犯肺证
C,外湿的证候表现，不包括的是,肢体困重、酸痛,皮肤湿痒,腹胀纳呆,病位偏重于体表,恶寒微热
E,思维的重要特征是,抽象性和创造性,深刻性和观念性,上升性和决策性,分析性和综合性,间接性和概括性
E,患者春节放鞭炮时受震，此后耳内即有鸣声不断，持续6月余，听力下降，舌质暗红，脉细涩。治疗应首选,清气化痰丸,银翘散,龙胆泻肝汤,耳聋左慈丸,通窍活血汤
D,前组鼻窦炎应重点检查的部位是(　　)。,上鼻甲,中鼻甲,下鼻甲,中鼻道,嗅裂
E,少阳病证属于,表里同病,表寒里热,表里俱热,肝胆热盛,半表半里
A,反映血小板的功能和数量的指标是,出血时间测定,血管性血友病因子抗原测定,血小板相关免疫球蛋白测定,凝血时间测定,血浆纤维蛋白肽测定
A,做鼻内窥镜检查时，应选用的药物是,1%地卡因液,复方薄荷油,3%双氧水,4%硼酸酒精,2%色甘酸钠液
C,心理咨询的基本手段不包括,宣泄,领悟,帮助选择和决定,强化自我控制,增强自信心
C,医师在执业活动中不享有的权利是,获得与本人执业活动相当的医疗设备基本条件,获取工资报酬和津贴,对患者进行无条件临床实验治疗,在注册的执业范围内进行疾病诊查和治疗,参加培训，接受继续医学教育
C,《中医药条例》的制定目的是,发展中医药事业，传承中医药精神,弘扬传统文化，保护中医药遗产,继承和发展中医药学，保障和促进中医药事业的发展，保护人体健康,继承和发展中医药传统文化，促进中医药事业的发展，保护人民身心健康,推动中医药事业的发展，保护中医药文化，保障人民健康
C,临床不会导致月经先期的是,气虚不摄,肝郁血热,营血亏损,阴虚火旺,阳盛血热
A,大头瘟的治疗方法是,清热解毒，疏风消肿,气营两清，解毒救阴,轻清芳化，清涤余湿,清营透气,和解少阳
A,过敏性紫癜患者皮肤、黏膜出血的基本病因是,血管壁功能异常,血小板功能异常,凝血功能障碍,血小板减少,血液中抗凝物增多
C,既能退虚热，又可治疗温病气分壮热烦渴的药物是,黄柏,玄参,知母,牡丹皮,地骨皮
B,完带汤主治病证的病机是,湿热下迫，清浊不分,脾虚肝郁，湿浊带下,肾虚不固，肝气郁结,湿热壅滞，宣化失常,肝肾两亏，肾气不固
E,患者，女，声音嘶哑多年，每因多讲话后症状加重，查双声带暗红，边缘增厚，闭合不全，并有干咳少痰，颧红，虚烦少寐，腰膝酸软，手足心热，舌红少苔，脉细数。若检查声带有较大息肉时，宜采用的治疗方法为：,雾化吸入,物理疗法,病因治疗,声带休息,手术切除
A,脓耳发病的外因是,风热外侵,肝经郁热,胆腑郁热,痰火郁结,肾元亏损
B,治疗气阴两亏之肺痿，宜用,玉液汤,炙甘草汤,麦门冬汤,养阴清肺汤,清燥救肺汤
B,鼻准所指的部位是,鼻背,鼻尖,鼻翼,鼻根,鼻前庭
A,仰卧位查体时，大量腹水的腹部外形是,蛙腹,舟状腹,下腹部局限性隆起,一侧腰部膨隆,腹部平坦
B,既能祛风湿，利关节，又能降压、解毒的药物是,独活,豨莶草,络石藤,忍冬藤,桑寄生
A,富有竞争性，很易引起不耐烦，有时间紧迫感，固执己见，有旺盛的精力和过度的敌意，称之为,A型行为类型,B型行为类型,C型行为类型,D型行为类型,E型行为类型
D,癌症病人听到癌症的诊断后，出现心理反应的顺序是,否认--怀疑期，愤怒--沮丧期，接受--适应期，休克--恐惧期,否认--怀疑期，休克--恐惧期，愤怒--沮丧期，接受--适应期,休克--恐惧期，愤怒--沮丧期，接受--适应期，否认--怀疑期,休克--恐惧期，否认--怀疑期，愤怒--沮丧期，接受--适应期,否认--怀疑期，愤怒--沮丧期，休克--恐惧期，接受--适应期
D,具有清热凉血，活血散瘀功效的药物是,生地黄,水牛角,玄参,牡丹皮,山楂
B,半夏厚朴汤证的病机是,阴虚火旺,痰凝气滞,气滞血瘀,肝气郁结,气血两虚
C,提出因势利导治则的是,《素问·咳论》,《素问·痹论》,《素问·阴阳应象大论》,《素问·生气通天论》,《素问·至真要大论》
E,生物－心理－社会医学模式认为,心身是统一的,心理对健康和疾病有能动作用,心理因素、社会因素和生物因素都影响人体健康和疾病的发生,在健康和疾病问题上应将人视为一个整体,以上都是
D,下列检测结果正常人不会出现的是,尿沉渣镜检RBC2/HP,尿沉渣镜检WBC4/HP,尿内偶见透明管型,尿胆红素定性试验阳性,尿胆原定性试验阳性
B,病室有烂苹果样气味，常提示为,水肿病晚期,消渴厥,失血重证,脏腑败坏,患瘟疫病
A,肛门在祖国医学中又称：,魄门,鬼门,阑门,幽门,以上均不对
B,"上述各项，属""热者寒之""治法具体运用的是",表寒证运用辛温解表的方药,里热证采用苦寒清里的方药,气血虚弱采用补气养血的方药,瘀血证采用活血化瘀的方药,里寒证运用辛热温里的方药
C,具有潜阳镇肝，宁心安神功效的药物是,石菖蒲,远志,龙骨,酸枣仁,合欢皮
C,头眩，心下逆满，气上冲胸者，宜用,真武汤,茵陈蒿汤,苓桂术甘汤,大承气汤,小柴胡汤
B,"风湿，身体疼烦，不能自转侧，不呕不渴，脉浮虚而涩,方用",桂枝加附子汤,桂枝附子汤,桂枝去芍药汤,防己黄芪汤,甘草附子汤
C,中医学认为，发病的重要条件是,正气不足,邪气亢盛,邪气,正气与邪气的斗争,正衰邪盛
E,大柴胡汤的组成是,小柴胡汤去人参，加大黄、枳实,小柴胡汤去甘草，加大黄、芍药,小柴胡汤去人参、甘草，加大黄、枳实,小柴胡汤去生姜、甘草，加大黄、枳实,小柴胡汤去人参、甘草，加大黄、芍药、枳实
B,湿温症见神识昏呆，发热身痛，四肢不暖，舌苔鲜红燥刺。其病机为,邪入气分,邪乘包络,邪入营分,邪入血分,湿热蕴毒
D,下列乙类传染病应按甲类传染病处理的是,流行性出血热,流行性乙型脑炎,肺炭疽,人感染高致病性禽流感,布氏杆菌病
C,阵发性睡眠性血红蛋白尿，可出现的尿液变化是,肉眼血尿,镜下血尿,酱油色尿,胆红素尿,乳糜尿
A,引起呼吸困难最常见的病因是,呼吸系统疾病,心血管疾病,中毒,血液病,神经精神因素
A,“血痹虚劳篇”中“脉大为劳”，其机理是,阴虚阳浮,阴虚火旺,阴竭阳脱,饮盛格阳,精气内损
D,有关医院感染的叙述，错误的是,洗手是预防医院感染的重要措施,滥用抗菌药物是医院感染的重要原因,有部分医院感染的发生与消毒隔离缺陷有关,所有医院感染是可以预防的,新生儿经产道获得的感染属医院感染
E,寒痰阻肺证不应包括的症状为,恶寒肢冷,咳嗽痰多,胸闷气喘,舌苔白滑,脉象弦数
A,急性肾盂肾炎可伴有,发热伴寒战,发热伴口角疱疹,发热伴肝脾肿大,发热伴出血,发热伴昏迷
C,独活寄生汤与当归拈痛汤的组成药物中均含有,甘草、白术,白术、防风,防风、当归,当归、桂枝,桂枝、茯苓
D,川芎茶调散与九味羌活汤的组成药物均有,白芍、白术,当归、白芍,柴胡、白术,羌活、防风,防风、甘草
C,患者心痛暴作，得温痛缓，心悸怔忡，舌淡，脉沉紧，应诊为,痰阻心脉证,瘀阻心脉证,寒凝心脉证,气滞心脉证,瘀阻脑络证
C,功能清虚热、除疳热的药是,知母,白薇,银柴胡,胡黄连,丹皮
A,气滞血瘀型钩肠痔：,六磨汤,少腹逐瘀汤,桃红四物汤,桂枝茯苓丸,丹参饮
B,治疗心肾阴亏血少之心悸失眠，首选的方剂是,朱砂安神丸,天王补心丹,酸枣仁汤,归脾汤,六味地黄丸
C,"季节中属于五行之，""土""的是",春,夏,长夏,秋,冬
C,饮停胸胁，症见胸胁饱满，咳嗽时牵引作痛。此属,痰饮,支饮,悬饮,溢饮,腹水
C,A型性格的人易患下列何种疾病,过敏性紫癜,支气管哮喘,冠心病,癌症,糖尿病
A,培养儿童自制力的关键时期是,2～3岁,5～7岁,学龄前期,学龄中期,学龄后期
E,下列哪项不是喘的症状特点,呼吸困难,张口抬肩,鼻翼扇动,呼吸急迫,喉间痰鸣
A,东北的地道药材是,人参,黄连,当归,枸杞,黄芪
C,高血钾常出现在肾综合征出血热的,发热期,低血压休克期,少尿期,多尿期,恢复期
A,痰液镜检发现枯什曼螺旋体常见于,支气管哮喘,肺癌,急性肺水肿,大叶性肺炎,支气管扩张
B,促进并维持人体性功能发育成熟的物质是,血液,天癸,津液,肾气,宗气
C,X线检查回盲部显示盲肠不规则挛缩，黏膜皱襞粗乱及多发性小龛影，应考虑为,回盲部溃疡型癌,克罗恩病,回盲部溃疡性结核,回肠阿米巴痢疾,过敏性结肠炎
D,治疗噤口痢，虚实皆可选用的药物是,白头翁,鸦胆子,秦皮,石菖蒲,赤石脂
C,半夏泻心汤证的治法是,和胃补中消痞,扶阳补中消痞,和中降逆消痞,和中泻热消痞,益气和中消痞
D,医学伦理原则不含,不伤害,有利,尊重,胆识,公正
D,咽喉色鲜红娇嫩、肿痛不甚者的原因为,肺胃积热,痰湿停滞,寒凝咽喉,阴虚火旺,胃中有热
E,具有补气养阴，清热生津功效的药物是,玄参,苦参,丹参,太子参,西洋参
C,影响四肢肌肉壮实的主要因素是,心主血脉,肺主气,脾主运化,肝藏血,肾藏精
D,影响传染病流行过程的因素是,病原体、人体和环境,病原体、感菌动物,传染源、传播途径、易感人群,社会因素、自然因素,病原体和环境
D,选择性蛋白尿的特点为,24小时尿蛋白少于150mg,运动后出现一过性蛋白尿,每日尿蛋白超过3.5g,仅有白蛋白滤过增多,少量的球蛋白
A,外感六淫致病，易袭阳位的邪气是,风邪,寒邪,暑邪,湿邪,燥邪
D,虚损病证表现虚候，应用的治法是,塞因塞用,从者反治,实则泻之,虚则补之,寒因寒用
C,五苓散的功用是,利水清热，渗湿养阴,益气清热，健脾利水,利水渗湿，温阳化气,利湿消肿，理气健脾,温阳利水，健脾益气
E,张某，男，36岁。通宵不能入睡已3年，午后仅睡片刻，舌干，面目淡白，脉细数而涩。其治法是,固冲摄血，益气健脾,调补心肾，涩精止遗,镇心安神，清热养血,滋阴清热，养血安神,养血安神，清热除烦
A,患者心烦口渴，口舌生疮，小便赤涩，尿道灼痛，舌尖红赤，苔黄脉数。此属,心火亢盛证,肝火上炎证,小肠实热证,膀胱湿热证,肝阳上亢证
B,舌体两侧出现青紫色斑点，多考虑,心的病变,肝的病变,肾的病变,脾的病变,肺的病变
C,治疗肾虚湿热所致的带下，宜选用的方剂是,小柴胡汤,逍遥散,易黄汤,完带汤,参苓白术散
C,月经淋漓不断，色红，伴头晕耳鸣，烦热，腰膝酸软，脉细数无力，最宜诊断为,肝阴虚证,血热证,肾阴虚证,心肾不交证,肝肾阴虚证
A,身热，昏愦不语，倦卧，汗多气短，脉细无力。首选方是,"生脉散合温病""三宝""",生脉散合清宫汤,生脉散合菖蒲郁金汤,生脉散合苏合香丸,生脉散合青蒿鳖甲汤
B,临床治疗素体阳盛患者，宜慎用温热药物，其理论依据是,因时制宜,因人制宜,因地制宜,用热远热,扶正祛邪
A,尿中出现大量管型，说明病变部位在,肾实质,输尿管,前列腺,膀胱,尿道
B,下列有关调胃承气汤证治法的论述，哪项是错误的,通便泻热,消滞除满,泻热和胃,润燥软坚,泻热去实
E,天王补心丹中敛心安神的药物是,丹参、五味子,茯苓、五味子,远志、五味子,人参、五味子,酸枣仁、五味子
D,痰火凝结之瘿瘤、瘰疬选用的最佳药物是,栀子,谷精草,青葙子,夏枯草,密蒙花
B,伤寒的病理特点是,全身小血管损害,全身单核－巨噬细胞系统增生性反应,回肠下段淋巴组织增生、坏死和溃疡,肠系膜淋巴结肿大及充血,肝、脾组织病变为主
D,"""发汗不解，……，急下之，宜大承气汤。""需补充的原文是",心烦腹满者,腹满而吐者,腹满而喘者,腹满痛者,腹胀满者
E,三物备急丸的组成药物是,大黄、附子、细辛,大黄、干姜、细辛,大黄、芒硝、附子,附子、干姜、人参,大黄、干姜、巴豆
D,厌食油腻厚味，伴胁肋胀痛灼热、身热不扬者属于,脾胃虚弱,湿盛困脾,食滞胃脘,肝胆湿热,妊娠恶阻
D,可息风止痉、平抑肝阳、祛风通络的药物是,全蝎,牛黄,蜈蚣,天麻,僵蚕
D,莲子的功效是,固精缩尿止带，涩肠止泻,固精止带，收敛止血，制酸止痛，收湿敛疮,清热燥湿，收敛止带，止泻止血,固精止带，补脾止泻，益肾养心,益肾固精，健脾止泻，除湿止带
C,心房颤动时，可出现的心电图改变是,P-P不等，P-R一致,P-P不等，P-R渐长,"无P波，代之以""F""波，R-R不等","无P波，代之以""F""波，F与R成比例",P-P相等，R-R相等，P-R不等
E,当归补血汤所治证的发热特点是,寒热往来,夜热早凉,身热不扬,憎寒壮热,肌热面赤
A,舌绛少苔而津润者，多属,瘀血内停,阴虚火旺,热入营血,湿热内阻,燥热内结
C,国家发展中医药的方针是,预防为主,防治结合、分类管理、依靠科学、依靠群众,中西医并重,继承与创新相结合,保持和发扬中医药特色和优势
B,三焦火毒热盛证宜选用,普济消毒饮,黄连解毒汤,导赤散,仙方活命饮,凉膈散
A,焦虑症的主要特征是,没有原因地担忧未来,无法抑制地想一个问题或重复一个动作,不能客观地看待客观事物，对事物的评价非黑即白，且在两端摇摆，伴有知情意的不统一,不遵守社会规范,情绪低落、自我评价低，主动意识下降
C,某医院年终对全院职工的基本情况做调查了解，其中有以下情况：医生甲因病休息1年多。医生乙因医院效益不好在家闲了不满2年。医生丙出去参与经营歌舞厅，未从事医疗工作2年多。医生丁承包医院的第二门诊部近3年，其余大多数时间仍在医院坚持工作。依据执业医师法，下列人员中，属于应当注销注册，收回医师执业证书的是,医生甲,医生乙,医生丙,医生丁,以上都不是
D,必然属于非责任伤害的是,有意伤害,无意伤害,可知伤害,意外伤害,可控伤害
C,肉桂入汤剂的常用剂量每次为,1～2g,3～15g,2～5g,0.5～1g,15～30g
C,医师可以有合理的个人利益属于,克己,利人,同情,正直,审慎
A,全国人民代表大会常委会颁布的是,卫生法规,卫生行政法规,地方卫生法规,基本法律,卫生规章
D,七情刺激，易导致肾气泄下的是,喜,怒,悲,恐,思
E,主治白喉的方剂是,杏苏散,百合固金汤,麦门冬汤,桑杏汤,养阴清肺汤
E,代脉的脉象特点是,缓而时止，止无定数,数而时止，止无定数,数而时止，止有定数,脉来迟缓，良久一至,脉迟时止，止有定数
A,麻黄具有的功效是,宣肺平喘,温通经脉,行气宽中,温中止呕,化湿和中
E,在我国法定传染病中，属于甲类传染病的是,人感染高致病性禽流感,艾滋病,传染性非典型肺炎,狂犬病,霍乱
E,"""发汗后，……，厚朴生姜半夏甘草人参汤主之。""需补充的原文是",心烦腹满者,腹满而吐者,腹满而喘者,腹满痛者,腹胀满者
E,医德教育的最高要求是,提高医德认识,培养医德情感,锻炼医德意志,树立医德信念,养成良好医德习惯
C,"清胃散中具有清热解毒作用，又寓""火郁发之""之意的药物是",黄连,丹皮,升麻,当归,生地
E,肛瘘挂线疗法的禁忌证：,肛门周围有皮肤病,瘘管仍有酿脓现象,严重肺结核患者,癌症患者,以上均是
D,面色㿠白，畏冷肢凉，腰膝下腹冷痛，全身浮肿，久泄不止，其证候是,脾气虚证,脾阳虚证,脾不统血证,脾肾阳虚证,脾阳虚证
C,具有燥湿止带，消肿排脓功效的药物是,羌活,防风,白芷,苍术,白果
B,具有止血不留瘀、化瘀不伤正之特点的药物为,白及,三七,茜草,藕节,蒲黄
C,典型的心肌梗死表现为,肺型P波,二尖瓣P波,坏死性Q波,F波,f波
C,流行性乙型脑炎常用的治疗是,抗生素治疗,抗病毒治疗,针对高热、抽搐、呼吸衰竭对症治疗,抗毒素治疗,补液治疗
B,竹叶石膏汤原方中麦冬与半夏的配伍比例是,1:01,2:01,3:01,4:01,7:01
A,复脉汤中用量最大的药物是,生地黄,炙甘草,大枣,阿胶,桂枝
C,与气陷病变形成密切相关的脏腑是,心,肺,脾,肝,肾
C,七情内伤，致病后易引起脾气郁结的因素是,过喜,过怒,过思,过悲,过恐
A,阳虚证的典型舌脉是,舌质淡胖，脉沉迟,舌红少津，脉细数,舌淡而润，脉虚细,舌红津干，脉疾数,舌质红赤，脉沉实
C,心脉痹阻证的常见原因，错误的是,痰阻,寒凝,热郁,瘀阻,气滞
A,"五脏来分阴阳，为""阳中之阳""的脏是",心,肺,脾,肝,肾
E,发热，汗出口渴，面赤耳聋，胸闷喘咳，痰中带血，脘痞腹胀，下利稀水，小便短赤，舌红，苔黄滑，脉滑数，证属,邪遏卫气证,邪阻膜原证,卫气同病证,暑湿郁阻少阳证,暑湿弥漫三焦证
B,具有杀虫止痒功效的药物是,茵陈,萹蓄,木通,薏苡仁,萆薢
D,以下血脂的检查指标，提示可能动脉粥样硬化的是,LDL-C↓,TG↓,Apo-A1↑,Apo-B↑,HDL-C↑
B,半夏内服的功效是,祛风痰，止痉，止痛，解毒散结,燥湿化痰，降逆止呕，消痞散结,燥湿化痰，祛风解痉，散结消肿,温肺化痰，利气，散结消肿,降气行水化痰，降逆止呕
A,蛤蚧的功效是,补肺益肾，纳气平喘，助阳益精,补肺气，助肾阳，养心脾,补肺气，定喘嗽，和脾胃,助肾阳，定喘嗽，补脾气,补肺气，助肾阳，滋肝阴
C,符合漏出液特点的是,混浊，可有絮状沉淀,比重大于1.018,细胞数低于500×10^6/L,黏蛋白定性试验阳性,放置后自凝
E,具有司眼睑开合的经脉是,冲脉,任脉,督脉,阴维脉、阳维脉,阴跷脉、阳跷脉
E,治疗夏月感冒，发热恶寒，头痛无汗，应选用的药物是,薄荷,藿香,佩兰,扁豆,香薷
A,乌头与附子同用的方剂是(   ),乌头赤石脂丸,乌头桂枝汤,大乌头煎,乌头汤,四逆汤
D,胆之募穴是,期门,章门,京门,日月,带脉
A,五味中能燥、能泄的是,苦,甘,辛,咸,酸
B,"心为""君主之官""的理论基础是",心主血脉,心主神明,心在五行属火,心开窍于舌,心在志为喜
C,桂枝去芍药加蜀漆龙骨牡蛎救逆汤应先煎以下何药(   ),牡蛎,龙骨,蜀漆,桂枝,甘草
E,以下不属于归来穴主治的是,月经不调,带下,阴挺,小腹痛，疝气,癫狂
D,患者王某，女性，45岁，阴道内有物脱出，劳累、咳嗽时加重，有下坠感，并伴有腰膝酸软，小便频数，舌淡，脉沉而细。治疗阴挺的经验穴为,百会,气海,维道,子宫,关元
C,舌底络脉青紫曲张主病是,脾胃湿热,血分热盛,气滞血瘀,痰浊内阻,水饮内停
A,甘草附子汤证属,风湿表里阳虚,风湿兼表阳虚,风湿兼表气虚,寒湿袭表，里阳已虚,风湿犯表，里阳已虚
C,头穴线中的额旁1线用于治疗的病证是(   ),功能失调性子宫出血、尿急,胃炎、胃及十二指肠溃疡,冠心病、心绞痛,小脑平衡失常,眼病、足癣
B,瘢痕灸的灸疮一般形成的时间是(   ),灸后3天左右,灸后7天左右,灸后10天左右,灸后15天左右,灸后30天左右
B,眼窝凹陷可由于,水肿,吐泻伤津,痰浊阻肺,肝郁化火,风热邪毒上攻
A,沉香入汤剂的常用剂量是,1.5～4.5g,2～5g,3～10g,10～15g,15～30g
D,归来位于(   ),脐中下1寸，距前正中线4寸,脐中下2寸，距前正中线2寸,脐中下3寸，距前正中线4寸,脐中下4寸，距前正中线2寸,脐中下5寸，距前正中线4寸
C,属于正治的是,热因热用,以通治通,热者寒之,用热远热,以补开塞
E,八会穴中髓会是,阳陵泉,环跳,委中,阴陵泉,悬钟
C,用于治疗痫病发作期，且宜点刺放血的是(   ),丰隆,水沟,十宣,腰奇,内关
D,"""渴欲饮水，口干舌燥""，治用",文蛤散,肾气丸,白虎桂枝汤,白虎加人参汤,己椒苈黄丸
B,下列不符合气胸体征的是,胸廓膨隆,气管移向患侧,语颤消失,叩诊呈鼓音,呼吸音减弱或消失
B,治疗外感温燥，津液受灼的最佳方剂是,杏苏散,桑杏汤,桑菊饮,养阴清肺汤,清燥救肺汤
D,大黄牡丹汤的功用是,攻下冷积，温补脾阳,润肠泄热，行气通便,温里散寒，通便止痛,泻热破瘀，散结消肿,泄热通便，补益气血
E,瞿麦具有的功效是,利水渗湿，健脾止泻,利尿通淋，渗湿止泻,化湿行气，温中止泻,清热解毒，燥湿止泻,利水通淋，通经活血
B,结脉的脉象是,脉来数而时一止，止无定数,脉来缓而时一止，止无定数,脉来一止，止有定数，良久方来,脉来急疾，一息七八至,脉形如豆，滑数有力
E,省级人民政府根据全国应急预案，结合本地实际情况，应,信息报告系统,检测与预警系统,预防控制体系,制定全国突发事件应急预案,制定行政区域应急预案
D,寒实结胸，无热证者，治宜,泻热逐水破结,逐水破结，峻药缓投,清热涤痰开结,温下寒实，涤痰开结,攻逐水饮
E,患者突然出现动作中断，手中物件落地，头部低垂，两目瞪视，呼之不应。治疗可配用的腧穴是(   ),行间、内庭,合谷、风池,脾俞、足三里,肾俞、三阴交,神门、神庭
A,下列符合房性早搏心电图表现的是,P'波提前出现，与窦性P波不同,代偿间期完全,QRS>0.12s,提前出现的QRS波群无提前出现的P'波,P'-R间期<0.12s
E,下列哪项不是躯体性腹痛的特点,疼痛定位准确,疼痛程度剧烈而持久,可有局部腹肌强直,咳嗽、体位变化可加重疼痛,常伴自主神经兴奋症状
D,患者张某，男，42岁。辗转难寐5年。平素急躁易怒，胸胁胀满，甚则眩晕头痛，舌红苔黄而干，脉弦数。除主穴外，还应选取,心俞、脾俞、内关、足三里,心俞、丘墟、内关、太溪,公孙、行间、内关、足三里,行间、侠溪、风池、太冲,胆俞、肾俞、内庭、曲池
E,患者，男，3岁，高热3天，突然惊痫抽搐，神志不清。下列各项，不属于羚羊角主治病证的是,肝风内动，惊痫抽搐,肝阳上亢，头晕目眩,温热病壮热神昏，热毒发斑,肝火上炎，目赤头痛,口舌生疮，咽喉肿痛
E,下列各项中，叙述错误的是,所出为井,所溜为荥,所入为合,所行为经,所灌为输
C,肺结核干酪性肺炎可见,黄色脓性痰,黄绿色或翠绿色痰,微黄奶酪样痰,痰黏稠牵拉成丝,水样痰，内含粉皮样物
A,口淡乏味常见的证是,脾胃气虚,脾胃湿热,肝胃不和,肝火上炎,胆郁痰扰
A,热厥的特点是(    ),热深厥深，热微厥微,厥深寒甚，厥微寒轻,阳虚厥深，阳旺厥微,阴盛厥深，阳微厥微,气血逆乱，阳气涣散
A,患者王某，男性，46岁，在工地干活，突然昏倒，口吐涎沫，两目上视，四肢抽搐，发作短暂后即清醒，自觉头晕，乏力欲寐。平日里烦躁易怒，心烦失眠，咳痰不爽，舌红，苔黄腻，脉弦滑。夜晚发作应配,照海,申脉,内关,风池,中脘
A,患者，女，25岁，小便黄赤灼热，尿血鲜红，伴有心烦口渴，面赤口疮，夜寐不安，舌红脉数，宜选用,蒲黄配小蓟,当归配丹参,三七配丹参,五灵脂配蒲黄,川芎配蒲黄
D,“留得一分津液，便有一分生机”是谁所言(    ),吴鞠通,王孟英,薛生白,叶天士,陆子贤
E,下列不属于原文252、253、254条阳明三急下证的是(   ),大便难,发热汗多,腹满痛,身微热,谵语
E,“百病多由痰作祟”的原因是,痰可扰乱神明,痰可化风化火,痰阻碍气血运行,痰似风善行数变,痰可随气升降无处不到
B,知觉是人脑对客观事物,个别属性的反映,整体属性的反映,本质属性的反映,特殊属性的反映,发展属性的反映
D,擅长健脾祛痰的穴位是(   ),膻中,天突,下脘,丰隆,三阴交
E,攻下逐水法不适用于以下何症(   ),面目鲜泽,大便秘结,腹大，小便不利,脉沉绝,口渴
C,麻杏苡甘汤、麻黄加术汤、越婢汤证有相同的致病因素是(   ),风,寒,湿,瘀,热
B,下列各项，不属妊娠慎用药物的是,牛膝,白术,大黄,红花,附子
A,用于治疗肩周炎、胃痛、颈椎综合征、失眠等症的三棱针刺法是,挑刺法,点刺法,散刺法,刺络法,透刺法
A,患者王某，男性，85岁，平日神情淡漠，寡言少语，善忘，并伴有头晕耳鸣，智能低下，骨弱萎软，舌瘦质淡红，脉沉细尺弱。头针法可刺  ,顶颞前斜线,额中线,额旁一线,颞后线,颞前线
B,形成阴阳两虚的病机是,阴阳盛衰,阴阳互损,阴阳格拒,阴阳转化,阴阳亡失
C,治疗胃虚痰阻气逆证，宜选用,大柴胡汤,小柴胡汤,旋覆代赭汤,橘皮竹茹汤,吴茱萸汤
E,栝蒌瞿麦丸主治的是,肺胃热盛的消渴,肾气亏虚的消渴,湿热夹瘀的小便不利,脾肾亏虚的小便不利,上燥下寒的小便不利
B,春温，热伤真阴，心火亢盛病证，其治疗处方是,阿胶黄芩汤,黄连阿胶汤,黄芩汤,连梅汤,清营汤
B,生姜善治何种呕吐,胃热呕吐,胃寒呕吐,胃虚呕吐,虫积呕吐,食积呕吐
C,下述哪种情况少见实证,体质壮实,病情激剧,长期泻泄,新起暴病,外感六淫
D,髀部扭伤常选的穴位是,通经活络，消肿止痛,活血化瘀，消肿散结,肾俞、腰阳关、腰眼、委中,环跳、秩边、居髎、承扶,以上都不是
C,按头痛部位辨证归经，枕部痛属于,肝阳头痛,阳明头痛,太阳头痛,厥阴头痛,少阳头痛
A,针刺麻醉应选择的波形是(   ),密波,疏波,疏密波,断续波,锯齿波
C,下列经脉中，在眼区没有穴位的是(   ),足太阳经,足少阳经,手少阴经,手少阳经,手太阳经
A,在一定时间内注意保持在某项活动上的特性,注意的稳定性,注意的转移,注意的分配,注意的广度,注意的品质
A,砂仁的功效是,化湿行气，温中止泻，安胎,化湿，解暑，止呕,燥湿温中，除痰截疟,燥湿健脾，祛风湿,化湿行气，温中止呕
D,既能固精又能收敛止血的药物是,牡蛎,桑螵蛸,巴戟天,海螵蛸,金樱子
D,半夏泻心汤的药物组成是,大黄、黄芩、黄连、半夏、干姜、人参、大枣、炙甘草,大黄、黄芩、黄连、半夏、生姜、人参、大枣、炙甘草,黄芩、黄连、半夏、干姜、生姜、人参、大枣、炙甘草,黄芩、黄连、半夏、干姜、大枣、炙甘草、人参,黄芩、黄连、半夏、生姜、大枣、炙甘草
A,"巨阳之所以成为""诸阳之属""，是因其脉连(   )",风府,风池,迎香,人迎,大迎
E,天王补心丹和桑螵蛸散两方主治病证的病位均涉及,肝脾,肺肾,肝肾,心脾,心肾
C,具有补脾肺气，补血，生津功效的药物是,当归,枸杞子,党参,鸡血藤,苍术
E,商某，女，56岁。近2年来时常无明显诱因出现心慌心跳，善惊易恐，坐卧不安，不能自主，平素下肢易浮肿，形寒肢冷，时觉胸闷气短，舌淡，苔白滑，脉沉细。针灸基本处方选穴体现了,同名经配穴法,首尾配穴法,表里经配穴法,原络配穴法,俞募配穴法
E,中国医学道德规范不包括的是,谦和谨慎地对待同道,端正淳良的医疗作风,至精至微的治学态度,一心赴救的服务态度,忠于医业的献身精神
C,一个有经验的医生，能够从X线片上看到并不为一般人所觉察的病灶，这是知觉的,选择性,整体性,理解性,个别性,恒常性
D,具有通调水道功能的脏是,心,肝,脾,肺,肾
B,男子疝气，女子带下积聚为何经病证(   ),冲脉,任脉,督脉,带脉,阴维脉
E,根据本经补母泻子法治疗心经实证，应选的腧穴是(   ),少冲,中冲,劳宫,内关,神门
D,下列不属癌性空洞X线特点的是,偏心空洞,外壁可见分叶,壁厚超过1.5cm,薄壁空洞周围肺野可见纤维索条,空洞直径大于3cm
D,患者平素性急易怒，时有胁胀，近日胁胀加重，伴食欲不振，食后腹胀，便溏，舌苔薄白，脉弦。其证候是,脾气虚,脾阳虚,脾肾阳虚,肝脾不调,肝胃不和
C,流行性出血热早期出现低血压，最主要的原因是,继发细菌感染,小动脉痉挛,小血管通透性增加，大量血浆外渗,高热、汗出、呕吐所致血容量下降,严重腔道出血
A,温病病名首见于(    ),《内经》,《难经》,《伤寒论》,《诸病源候论》,《肘后备急方》
D,患者，男，50岁，腰膝酸痛，畏寒，得温则减，面色苍白，小便清长，遗精，舌苔白滑，脉沉细，服用中药后出现四肢麻木，舌质僵硬，不属于中毒的原因是,方中使用生附子,煎药时间太短,附子使用过量,附子用量太小,方中使用乌头
D,患儿睡中遗尿，平素少气懒言，食欲不振，大便溏薄，自汗出，舌淡，苔薄，脉细无力。治疗时除主穴外，还应用的腧穴是(   ),关元、中极、膀胱俞,肾俞、命门、太溪,行间、阴陵泉、太冲,肺俞、气海、足三里,百会、神门、三阴交
D,下列哪项不是医疗机构应当在12小时内向当地卫生行政部门报告的重大医疗过失行为,发生死亡的,有重度残疾的,有中度残疾的,同时二人人身损害后果的,同时三人人身损害后果的
C,生姜泻心汤的药物组成是,大黄、黄芩、黄连、半夏、干姜、人参、大枣、炙甘草,大黄、黄芩、黄连、半夏、生姜、人参、大枣、炙甘草,黄芩、黄连、半夏、干姜、生姜、人参、大枣、炙甘草,黄芩、黄连、半夏、干姜、大枣、炙甘草、人参,黄芩、黄连、半夏、生姜、大枣、炙甘草
A,眩晕,椎基底动脉系统TIA,颈内动脉血栓形成,大脑前动脉血栓形成,大脑中动脉血栓形成,大脑后动脉血栓形成
C,既主湿又主虚的脉象为,散脉与濡脉,微脉与濡脉,细脉与濡脉,散脉与微脉,细脉与弱脉
B,阳盛格阴证属于,真寒假热证,真热假寒证,虚寒证,虚热证,阴阳两虚证
C,主气郁气损的脉象是,浮脉,洪脉,短脉,数脉,动脉
E,患者，女，39岁。身热无汗，惟颈以上出汗，小便不利，口渴引饮，腹满，大便不通，身目俱黄，黄色鲜明，小便黄。治宜,栀子豉汤,栀子柏皮汤,茵陈术附汤,茵陈五苓散,茵陈蒿汤
A,化脓菌感染的血象改变是,中毒颗粒,嗜酸性粒细胞增多,异型淋巴细胞,单核细胞增多,嗜碱性粒细胞增多
E,有关跟骨骨折的诊疗错误的是：,跟骨骨折后下肢不能负重,足弓低平，足跟增宽,须摄轴位片,用双手相叩对挤法整复,复位后踝部中立位固定
A,有关AIDS典型艾滋病期的描述，错误的是,播散性分枝杆菌感染少见,出现各种致命性机会感染,出现各种恶性肿瘤，如卡波西肉瘤等,卡氏肺囊虫肺炎多见,预后极差
C,在《素问·脉要精微论》中，精明之府是指,目,耳,头,髓,心
C,芍药汤与白头翁汤组成中均含有的药物是,芍药,白头翁,黄连,大黄,黄柏
D,《素问·至真要大论》对“诸寒之而热者”宜采用的治法为,取之热,取之寒,取之阳,取之阴,取之营
E,灼热烦躁，目合耳聋，神识不清，时有谵语，舌绛，苔黄腻，脉滑数。选方为,三石汤,甘露消毒丹,白虎加苍术汤,犀角地黄汤,清营汤合六一散
A,升浮药物大多具有的性味是,味辛、甘，性温、热,味辛、甘，性寒、凉,味酸、苦、咸，性温、热,味酸、苦、咸，性寒、凉,味辛、酸，性寒、热
D,四逆汤和理中丸中均含有的药物是,人参、白术,白术、茯苓,茯苓、干姜,干姜、甘草,甘草、生姜
D,六一散的功用是,清暑通络,清暑化湿,解暑除烦,清暑利湿,祛暑清热
D,不属于创伤性休克的原因有(　　)。,外伤失血,神经功能紊乱,细菌感染,药物过敏,坏死组织吸收
B,下列关于五行生克规律的表述，正确的是,木为土之所胜,木为水之子,火为土之子,水为火之所胜,金为木之所胜
D,伤科患者舌色青紫所主病为(   ),阴寒血凝,津伤血滞,气血虚弱,瘀血凝聚,里热实证
A,人体实验道德原则不包括的是,不告知原则,医学目的原则,维护受试者利益原则,知情同意原则,科学性原则
C,股骨干骨折在持续牵引时，成人牵引重量约为（  ）,1/5体重,1/6体重,1/7体重,1/8体重,以上都不是
C,喘鸣音属于,胸语音,湿啰音,干啰音,羊鸣音,爆裂音
E,下列哪条途径一般不会传播艾滋病,输入血制品,共用注射器,共用剃须刀,性接触,共用马桶
E,具有补气养阴、清热生津功效的药物是,玄参,苦参,丹参,太子参,西洋参
D,“囟填”的形成，主要由于,肾气不足,气血不足,吐泻伤津,外感时邪,肾精不足
C,干燥综合征的标记性抗体,抗组蛋白抗体,抗Sm抗体,抗SS-B抗体,抗Scl-70抗体,抗Jo-1抗体
D,伤科患者在梳发动作受限时说明肩关节何功能活动障碍(   ),外展,内收,后伸,外旋,内旋
B,仲景治疗咳嗽，若痰浊黏稠，多用,麻黄,皂荚,干姜,杏仁,甘草
E,不属于腓总神经检查的是,第1、2趾之间的皮肤感觉,足背侧大部分皮肤感觉,趾指背伸运动,足背伸运动,足跖屈运动
B,下列各项，不属于痰热壅肺表现的是,咳痰黄稠,鼻流清涕,气喘息粗,吐脓血痰,溲赤便秘
B,炙甘草汤证的脉证见(   ),心下悸，头眩,脉结代，心动悸,脉浮，自汗出，小便数,发汗，病不解，反恶寒者,心中悸而烦
C,慢性阻塞性肺气肿患者语音震颤的表现是,一侧增强,一侧减弱,双侧减弱,双侧增强,双侧正常
C,"据《素问·痹论》所述，症见：""肌肤麻木不仁""者，痹在(   )",筋,脉,肉,皮,骨
E,正常人胸部不会出现的叩诊音是,清音,浊音,鼓音,实音,过清音
D,普通型流脑败血症期特征性的表现是,高热,剧烈头痛,全身中毒症状,皮肤黏膜瘀斑,脑膜刺激征阳性
D,下列麻黄汤煎服法中哪项是正确的(   ),温覆使大汗出,啜热稀粥一升余，以助药力,可兼服大蒜、胡荽以助发汗,若一服汗出病差，停后服，不必尽剂,先煮麻黄、桂枝，去上沫
B,肋骨骨折并发血胸时，X线上可见(   ),肺内为液体阴影所掩盖,肋膈角消失,肋膈角饱满,出现液平面,全肺为气体阴影所掩盖
B,"五行相克的关系中，恐""所胜""的情志是",怒,喜,思,悲,惊
D,"""伤寒二三日，心中悸而烦者""，应用",大建中汤,茯苓桂枝白术甘草汤,厚朴生姜半夏甘草人参汤,小建中汤,桂枝人参汤
B,开放性损伤早期防止感染的最根本的手段是：,尽早清创,彻底清创,应用抗生素,放置引流,清热解毒药物的应用
A,葛根芩连汤中喘而汗出的机理是,大肠热盛，上蒸于肺，外蒸于体表,兼太阳病不解，肺气不宣,邪热内传阳明，大肠传导失职,表邪内陷，肺热壅盛,太阳病误下，邪陷胸中，正气尚能抗邪外出
A,下列各项，不是卫生法中刑事责任特征的是,侵害了卫生法所保护的社会关系构成犯罪所应承担的法律后果,是最严厉的一种法律责任,只能由犯罪行为人承担,具有不可转移性,只能由司法机关代表国家依法定程序予以追究
B,膝关节最稳定的位置为(  ),功能位,伸直位,屈曲位,半屈位,过伸位
C,下列忌火煅的药物是,青礞石,牡蛎,朱砂,石决明,代赭石
C,应用半夏白术天麻汤的辨证要点是,眩晕耳鸣，舌苔白滑，脉弦滑,咳嗽痰多，食少胸痞，舌苔白腻，脉滑,眩晕头痛，舌苔白腻，脉弦滑,心烦不寐，眩悸呕恶，苔白腻，脉弦滑,癫狂惊悸，大便干燥，苔黄厚腻，脉滑数
C,肩部正常活动正常范围是,前屈145度；后伸45度；外展90度；内收40度；外旋30度；内旋80度,前屈90度；后伸45度；外展120度；内收40度；外旋30度；内旋30度,前屈90度；后伸45度；外展90度；内收40度；外旋30度；内旋80度,前屈45度；后伸40度；外展120度；内收30度；外旋80度；内旋30度,前屈90度；后伸45度；外展90度；内收40度；外旋30度；内旋30度
A,“阳明之为病，胃家实是也”，下面不属于“胃家”的是(   ),膀胱,大肠,小肠,手阳明经,足阳明经
D,理中汤和温脾汤中均含有的药物是,人参、白术,白术、茯苓,茯苓、干姜,干姜、甘草,甘草、生姜
D,治疗外感风寒之太阳头痛，宜首选,葛根,香薷,防风,羌活,白芷
D,具有疏肝解郁安神功效的药物是,石菖蒲,龙骨,远志,合欢皮,酸枣仁
B,跖趾关节脱位后一般固定多长时间？(　　),1～2周,2～3周,3～4周,4～5周,不必固定
D,患者，女，40岁，月经失调，痛经，经血颜色紫暗，有大量血块，平素腰膝酸软，舌红，脉弦数。该患者不宜选用的药物是,丹参,牛膝,鸡血藤,炮姜,延胡索
A,在爱国卫生宣传的日子里,号召大家重视环境卫生和环境保护，自己不应乱倒垃圾、污水,教育别人酗酒有害健康，自己应不酗酒,宣传随地吐痰是不文明行为，自己应不随地吐痰,宣传吸烟有害人体健康，自己应不吸烟,要求民众重视个人卫生，自己居家应整洁，个人穿着得体、卫生
D,具有温中补虚、和里缓急功效的方剂是,理中丸,吴茱萸汤,大建中汤,小建中汤,四逆汤
D,过度劳累后，旧病发作，其发病类型是,感而即发,继发,伏而后发,复发,徐发
A,猪苓汤和五苓散两方共有的药物是(   ),猪苓、茯苓、泽泻,猪苓、白术、泽泻,猪苓、滑石、白术,猪苓、白术、茯苓,猪苓、阿胶、桂枝
E,茯苓与薏苡仁具有的共同功效是,安神,除痹,通乳,解毒,健脾
E,三黄二香散中二香是指(    ),香附、木香,香附、乳香,乳香、木香,乳香、藿香,乳香、没药
E,无移位的股骨颈骨折，可用轻重量皮肤牵引固定____周（  ）,2～3,3～4,4～5,5～6,6～8
B,眼球突出可见于,吐泻,肺胀,中风,眼丹,水肿
B,汗出不止，喘咳欲脱，脉散大，证属(    ),暑伤津气,津气欲脱,暑伤肺络,暑热动风,暑入血分
C,紫雪的主治病证是,暑令时疫,热邪内陷心包证,热盛动风证,暑秽,痰热内闭心包证
D,妇人杂病的三大病因是(   ),虚、冷、血瘀,虚、冷、积食,痰、瘀、结气,虚、冷、结气,虚、瘀、痰
D,伏暑，暑湿郁蒸气分，兼积滞阻于肠道，其大便性状是(    ),溏而不爽，色黄赤如酱,纯利恶臭稀水，肛门灼热,初硬后溏,下利色黄热臭，肛门灼热,大便色黑而易解
A,犯罪自然人具有刑事责任能力的是,犯罪主体,犯罪客体,犯罪主观,犯罪客观,犯罪行为
B,小儿拇指屈伸腱鞘炎的临床表现为(　　)。,与成人相同,拇指掌指关节屈曲，运动困难,用力屈伸时不会出现弹响声,拇指间关节扳动后方能被动伸直，并出现弹响声,以上均不正确
A,肺纤维引起的是,肝浊音界上移,肝浊音界下移,肝浊音界消失,肝浊音界扩大,肝浊音界缩小
D,下列哪一项不是风温的诊断要点,发生于春冬两季的外感热病,发病初起有发热，恶风寒，咳嗽，口渴，脉浮等肺卫见症,继则出现肺热壅盛等气分症状,在病变过程中易出现斑疹、痉厥、神昏及虚风内动症,发于冬季的，称为冬瘟
B,按之胸痛，叩之音实者，为,胸部外伤,饮停胸膈,真心痛,心气虚,肺胀
D,对骨伤科来说，望诊之首要是,望肿胀,望畸形,望形态,望神色,望创口
D,壮热，面赤，汗多，心烦，渴喜凉饮，舌质红，苔黄燥，脉洪大有力。方选,神犀丹,安宫牛黄丸,三甲复脉汤,白虎汤,羚角钩藤汤
A,心脏与大血管后前位摄片图像左侧缘自上而下对应的解剖结构是,主动脉结节、肺动脉段、左心室,肺动脉段、主动脉结节、右心室,主动脉结节、肺动脉段、右心室,主动脉结节、左心房、左心室,上腔静脉、肺动脉段、左心室
C,赤芍治疗的病证是,湿热黄疸,热结便秘,目赤肿痛,惊风抽搐,风热感冒
B,乌梅丸证的治法是,寒温并用，健脾除湿,清上温下，安蛔止痛,寒温并用，和胃消痞,寒温并用，健脾止利,清上温下，安蛔止呕
A,锁骨中段骨折典型的移位方式为：,内侧段向后上方，外侧段向前下方,内侧段向前上方，外侧段向后下方,内侧段向前下方，外侧段向后下方,内侧段向前上方，外侧段向前下方,内侧段向后下方，外侧段向前上方
E,以下哪一个不是腰骶部骨骼先天性结构异常(   ),腰椎骶化,骶椎腰化,骶椎隐裂,游离棘突,骨质疏松
D,益气升阳法的代表方剂是,当归补血汤,固冲汤,玉屏风散,补中益气汤,补阳还五汤
B,具有益气养阴、补脾肺肾功效的药物是,白术,山药,大枣,饴糖,黄芪
A,左金丸的主治病证是,肝火犯胃证,胃热阴虚证,心经火热证,肝胆实火证,肺热壅盛证
A,实热性腹满的辨证要点是(   ),腹满不减，减不足言,腹满时减，复如故,腹不满，其人言我满,喜温喜按,发热，腹满肠鸣
A,急性腰扭伤的病位不包括(　　)。,椎间盘,韧带,关节,肌肉,筋膜
C,股骨粗隆间骨折牵引重量，一般约为体重的(   )。, 1/5, 1/6, 1/7, 1/8, 1/9
C,胃热患者，其口气为,酸臭,奇臭,臭秽,腥臭,腐臭
B,以下关于心理应激的说法错误的是,应激源是心理社会因素,对工作肯定会产生不良影响,可产生心理反应,可危及个人的健康,可产生生理反应
E,里寒证常见,发热恶寒,但热不寒,发热恶风,寒热往来,但寒不热
A,血尿的正确概念是,离心尿沉渣每高倍镜视野3个以上红细胞,离心尿沉渣低倍镜下偶见个别红细胞,尿呈洗肉水样,显微镜下大量红细胞,离心尿沉渣高倍镜下每视野10个以上红细胞
C,霍乱兼表证治用分利兼表散法，后世称为急开支河，共代表方剂为,葛根汤,桂枝加人参汤,五苓散,黄芩散,葛根黄芩连汤
E,下列不是卫生法中民事责任的特征是,主要是财产责任,是一方当事人对另一方的责任,是补偿当事人的损失,在法律允许的条件下，可以由当事人协商解决,以赔偿损失为主要形式
C,乌头汤中用白蜜，主要目的是,调和药性,润肠通便,解乌头之毒,和里缓急,缓急止痛
E,脱位后出现的特征是(   ),骨擦音,疼痛,异常活动,骨摩擦感,弹性固定
D,正常人脾浊音界在左腋中线的第几肋之间,7～10,8～10,8～11,9～11,10～肋缘
E,治疗风热郁闭，咽喉肿痛，大便秘结者，应选用的药物是,薄荷,蝉蜕,菊花,蔓荆子,牛蒡子
C,因阳热亢盛，损伤阴精出现的昏厥病证，《素问·生气通天论》称之为(   ),气厥,血厥,煎厥,薄厥,热厥
D,医师进行实验性临床医疗，应当,经医院批准,征得本人同意,征得患者本人或者其家属同意,经医院批准并征得患者本人或者其家属同意,经医院批准或者征得患者本人及家属同意
B,消化道出血时肠鸣音的变化是,肠鸣音正常,肠鸣音活跃,肠鸣音亢进,肠鸣音减弱,肠鸣音消失
C,"养生中的""养""不包括的是",保养,调养,滋养,补养,护养
C,燥痰的特点是,痰白清稀或有灰白点,痰黄黏稠有块,痰少而黏，难咯,脓血痰味腥臭,痰白滑量多，易咯
A,濡脉与弱脉的主要不同点，在于,脉位的浮沉,脉力的大小,脉形的长短,脉率的快慢,脉律的齐否
C,湿温后期，余湿未尽证，选方为,薛氏扶阳逐湿汤,清络饮,薛氏五叶芦根汤,薛氏参麦汤,东垣清暑益气汤
E,四季平脉中夏季应为,微毛,微石,微软,微弦,微钩
D,关节脱位的病因中以哪项为多见(  ),持续劳损,肌肉强列收缩,直接暴力,间接暴力,感染
A,胁肋灼痛、咳嗽阵作者多为,肝火犯肺证,肝火炽盛证,肝胃不和证,肝郁脾虚证,肝肾阴虚证
E,下列对骨折愈合无明显影响的是(　　)。,感染,骨折间有软组织嵌入,骨缺损,反复手法复位,功能复位
C,水湿内停时，面部颜色可见,青色、赤色,黑色、青色,黄色、黑色,赤色、白色,赤色、黑色
B,脑膜炎球菌属于,志贺菌属,奈瑟菌属,沙门菌属,埃希菌属,弧菌属
B,土的特性是,曲直,稼穑,从革,炎上,润下
A,具有温脾开胃摄唾、暖肾固精缩尿作用的药物是,益智仁,补骨脂,杜仲,蛤蚧,冬虫夏草
D,伤寒患者皮疹开始出现的时间是,热退以后,病程的第1天,病程的第3天,病程的第7天,日期不定
A,脾肾阳虚之五更泄泻，宜选用的方剂是,四神丸,附子理中丸,补中益气汤,真人养脏汤,四君子汤
D,"在""余少婴俗病""中，""婴""之义为(  )",幼小,婴儿,缠绕,被缠绕,
A,"下列同""醴醪鬻其肠胃""中，""醴醪""的是(  )",醇醴,甜酒,美酒,浊酒,
B,心理测量工具好坏的最基本标志是,常模,信度和效度,代表性,标准化,以上都不是
C,"在""悉从简径明白""中""径""之义为(  )",大路,邪路,直接,直路,
A,搓摩胁肋能：,疏肝消积，顺气化痰,降逆平喘、止咳化痰,和胃理气，降逆止呕,培肾固本，温补下元,健脾和胃，消食和中
A,关于推拿疗法的一般注意事项中以下哪项是不正确：,妇女月经期的腰臀部，腹部穴位要重用,病人有思想顾虑或畏惧情绪时，应先做好解释工作,手法要尽可能轻柔以避免医源性损伤，特别是关节运动类手法，如颈椎斜扳法，常引发医疗事故,推拿前应注意指甲是否需要修剪,病人在过于饥饿、饱胀、疲劳、精神紧张时，不宜立即推拿
A,急性心理应激反应症状可能和哪种疾病混淆,甲亢,糖尿病,肺结核,胃溃疡,冠心病
D,"在""举隅而反，触类而推""中，""举隅""之义为(  )",举起一个角,由此及彼,举一反三,举一端为例,
B,"""下及诸子传说，皆充秘府""中""府""是( )",直接引申义,本义,间接引申义,假借义,比喻义
C,"在""古之仙人者，皆由学以得之？将特禀异气耶""中，""特""之义为(  )",请,将要,是……还是……,扶持,
E,危害社会，触犯刑律是,犯罪主体,犯罪客体,刑事责任,刑事处罚,犯罪行为、违法行为
A,以下哪条与筋脉病变有关（   ）,诸风掉眩,诸气膹郁,诸湿肿满,诸痛痒疮,诸躁狂越
B,及时就医并遵守医嘱及医院的各项规章制度，属,病人的权力,病人的义务,病人角色行为异常,病人角色行为强化,病人角色行为缺如
D,心脏瓣膜Erb听诊区又称,二尖瓣听诊区,肺动脉瓣听诊区,主动脉瓣听诊区,主动脉瓣第二听诊区,三尖瓣听诊区
E,具有收敛固涩，益气生津，补肾宁心功效的药物是,乌梅,浮小麦,麻黄根,山茱萸,五味子
A,急性腰扭伤时应注意：,卧板床休息,加强腰背肌锻炼,加强静息位股四头肌锻炼,加强关节功能锻炼,绷带固定
E,茯苓丸的功用是,燥湿化痰，理气和中,理气化痰，和胃利胆,清热化痰，理气止咳,清热化痰，宽胸散结,燥湿行气，软坚化痰
B,"以下哪个标点依次为""，。，，，。，。""(  )",夫三皇设教上帝垂慈憨群生有困笃之疾救黎庶有天伤之厄（《马宗礼素问要论序》）,因于湿首如裹湿热不攘大筋腝短小筋弛长绥短为拘弛长为痿（《素问·生气通天论》）,中古之治病至而治之汤液十日以去八风五痹之病（《素问，汤液醪醴论》）,君名桂字天士号香岩先生自歙迁吴君少从师受经书暮归君考阳生翁授以岐黄学年十四翁弃养乃从翁门人朱君某专学为医（《叶香岩传》）,
B,生地黄、玄参均具有的功效是,清热解毒，凉血消斑,清热凉血，养阴增液,清热凉血，活血散瘀,清热解毒，疏风散热,清热燥湿，泻火解毒
B,"在""转摇不能，肾将惫矣""中，""惫""的意义是(  )",疲乏,衰败,完备,极点,
C,患者腹泻，日3～5次，为稀水便，有后重感，伴腹痛，时口渴，时悸，四肢欠温，脉弦，治疗当用,黄芩汤,白头翁汤,四逆散,葛根芩连汤,理中汤
E,下列体征提示器质性心脏病的是,心尖部收缩期杂音,肺动脉瓣区第二心音亢进,肺动脉瓣区第二心音分裂,心尖部第三心音,心尖部舒张期震颤
D,"以下不含""由""义的是( )","""繇此言之，儒其可不尽心是书乎""中的""繇""","""繇是睹奥升堂""中的""繇""","""俾厥土宇用能康宁""中的""用""","""我国家率由兹典""中的""由""","""如此之患，岂由天乎""中的""由"""
A,一指禅偏峰推法在临床上多用于（   ）,颜面部,颈项部,四肢关节部,背部,
C,桂枝新加汤证身痛的机理是,风寒外束，营阴郁滞,阳虚阴盛，气血运行不畅,营气不足,阴盛格阳，阳亡阴竭,阴寒内盛，虚阳外越
C,具有强烈传染性的邪气是,风邪,暑邪,疠气,六淫,六气
A,"在""夫人生于地，悬命于天""中，""悬""之义为(  )",系,褂,关,通,
A,"在""故亦曲碎论之""中，""曲碎""之义为(  )",琐碎,零乱,曲折,详细,
A,羚角钩藤汤的主治病证是,肝热生风,肝肾阴亏，肝阳上亢,肝阳偏亢，肝风上扰,阴虚风动,痰热扰心
B,"下列句中不含表""如果""义词的是( )",举世昏迷，莫能觉悟，不惜其命，若是轻生，彼何荣势之云哉,今执途之人而问之日：一瓢先生非名医乎,则圣人不合启金滕，贤者曷为条玉版,向非先生，或投大黄凉药下之，不知竟作何状,
A,从《汉书艺文志序》可知，西汉曾组织人力系统地整理古代书籍，先后全面负责这一工作的是(  ),刘向和刘歆,刘向和陈农,任宏和陈农,刘歆和李柱国,
A,"在""主相晋国，于今八年""中，""相""的意义是(  )",宰相,丞相,看,互相,
B,具有清实热、退虚热功效的药物是,石膏,知母,黄芩,苦参,栀子
D,蕲蛇的主治病证下述哪项是错误的,风湿顽痹疼痛,中风半身不遂,破伤风,跌打损伤瘀痛,皮肤顽癣
D,HIV感染的细胞主要是,神经胶质细胞,单核细胞,B淋巴细胞,CD4+T淋巴细胞,直肠黏膜上皮细胞
C,"""清阳实四支，浊阴归六府""中""浊阴""是指",阳气,宗气,糟粕,精血,营气
A,"""齐王侍医遂病，自练五石服之""中的""练""是( )",通假字,古今字,异体字,讹字,俗字
A,既是医务人员内心信念和良心的具体表现，又是医务人员对患者和社会的义务感、责任感、同情感的总体体现的是,审慎,保密,情感,良心,幸福
A,五苓散主治病证的病机是,太阳经腑同病，水蓄膀胱,下焦虚寒，湿浊不化,中阳不足，饮停心下,脾肾阳虚，水气内停,脾肾阳虚，水气内停，气机不畅
D,以下哪项检查对腰部神经受压不具备针对性：,屈颈试验,挺腹试验,颈静脉压迫试验,"""4""字试验",直腿抬高加强试验
D,属于心电图负荷试验禁忌证的是,陈旧性心肌梗死,风湿性二尖瓣关闭不全,无临床症状的冠心病,急性肺栓塞,2级高血压
D,"在""臣闻韶卫不并奏""中，""韶卫""之义为(  )",韶国和卫国,韶乐和卫乐,尧舜时乐曲,高雅之乐和低俗之乐,
E,下焦病证的病机特点是,热邪炽盛，动风动血,热灼营阴，心神被扰,热邪壅滞，肺气被郁,热在心肝，伤阴动血,热邪久留，肝肾阴虚
D,"以下各句不表""只是""义的是( )","""但称治验，而不言其所以然""中的""但""","""今所传者，惟此二种""中的""惟""","""仅读伤寒书不足以治瘟疫""中的""仅""","""瘟疫变现杂症之多，几与伤寒等""中的""几""","""吐中有汗，下中有补，止有三法""中的""止"""
D,"医师应认真执行医疗文书书写与管理制度,不(      )医学文书及有关资料。",伪造,违规涂改,销毁,以上都是,
B,主清肺与胃之火的药物是,夏枯草,石膏,淡竹叶,栀子,黄芩
B,"五行中""水""的""子""行是",金,木,水,火,土
C,硫黄的功效是,杀虫补血,杀虫通便,杀虫止痒，燥湿，温肾壮阳,解毒利咽,杀虫涌吐
E,中医治疗慢性肝炎肝肾阴虚证的方剂是,茵陈蒿汤,四君子汤,鳖甲煎丸,逍遥散,一贯煎
D,属于内分泌与代谢障碍所致发热的是,肝癌,淋巴瘤,药物热,甲状腺功能亢进症,中暑
B,心肝血虚，虚热内扰而虚烦失眠、眩晕心悸者，治宜选用,天王补心丹,酸枣仁汤,磁朱丸,甘麦大枣汤,朱砂安神丸
D,患者，女，30岁。干咳少痰1周，伴有咽干音哑，口干喜饮，舌边尖红，苔薄黄，脉浮数。首选药组是,杏仁、桃仁、薏苡仁,荆芥、白前、陈皮,杏仁、麻黄、石膏,杏仁、川贝母、桑叶,杏仁、麦冬、生地黄
E,不属于月经周期经常提前7天以上的病机是,气虚不能摄血,阳盛迫血妄行,阴虚而虚热内扰,肝郁、血瘀，血海不宁,湿热蕴结
D,治疗脏躁的主方是,小柴胡汤,半夏厚朴汤,猪膏发煎,甘麦大枣汤,大柴胡汤
D,黎某，51岁，高血糖病史6年，手足麻木2月余。诊见：口渴喜饮但量不多，疲乏，手足麻木，时有刺痛，下肢发凉，舌淡红，苔薄黄少津，脉缓细。应首选的方剂是,桂枝芍药知母汤,桂枝加龙骨牡蛎汤,大建中汤,黄芪桂枝五物汤,小建中汤
E,腻苔不具备的特征是,苔质致密,颗粒细小,中间厚边周薄,紧贴舌面,颗粒粗大
D,既能疏散肌表经脉阻塞之病气，又能宣泄五脏六腑郁闭之邪气的手法是（   ）,拿法,摩法,振法,拍法,
C,引起艾滋病人视网膜炎的常见病原体是,巨细胞病毒,卡氏肺孢子菌,弓形虫,念珠菌,疱疹病毒
D,"在""贱者焦劳不适""中，""焦""之义为(  )",烧焦,焦味,面枯,忧急烦躁,
D,"""神宗皇帝召见褒谕""""召见""的人是( )",朱震亨,华佗,皇甫谧,钱乙,江民莹
A,意识不清，语言重复，时断时续，语声低弱，为,郑声,谵语,错语,夺气,独语
B,发热恶寒，头痛身痛，无汗气喘，宜用的方药是,小青龙汤,麻黄汤,桂枝加厚朴杏子汤,麻杏甘石汤,大青龙汤
A,以下哪种热型不属于气分证的范围(    ),身热夜甚,身热不扬,日晡潮热,壮热,寒热往来
A,"以下句中有与""病者素不应食，而反暴思之""中""暴""的同义词的句子是(  )",血气入脏即死，人腑即愈，此为卒厥,夫病痼疾，加以卒病，当先治其卒病,言未卒，因嘘唏服臆，魂精泄横，流涕长潸,佗令温汤近热，渍乎其中，卒可得寐,
B,肺气上逆可见,呃逆,咳喘,腹胀,心悸,眩晕
C,"在""费黄金十笏矣""中，""笏""之义为(  )",手板,记事牌,指数量，条,指所铸金银形状,
B,患者白睛发红，多为,心火,肺火,脾有湿热,肝经风热,肝胆湿热
A,"""表实者里必虚，里实者表必虚，经实者络必虚，络实者经必虚""言( )",邪实是因，正虚为果,邪实是因，体病为果,正虚为因，邪实是果,体病为因，邪实是果,正虚是因，体病为果
B,具有平息内风、祛除外风功效的药物是,羚羊角,天麻,钩藤,地龙,蜈蚣
A,镜下脓尿的诊断标准是每高倍视野下白细胞数,>5个,>20个,>100个,>10个,>50个
B,清暑益气汤的功用是,清暑除烦，益气和胃,清暑益气，养阴生津,清暑利湿，益气和胃,清暑益气，和胃止呕,益气养阴，清透暑热
D,"在""掌和王之六食、六饮""中，""和""之义为(  )",并列连词,介词。跟、与,混合、混同,调配、调制,
D,医疗条件及医务人员的技术水平主要会成为,影响对症状评价的因素,影响求医行为的因素,影响遵医行为的因素,影响疾病诊断的因素,影响疾病预后的因素
D,下列麻黄汤煎服法中哪项是正确的（   ）,温覆使大汗出,啜热稀粥一升余，以助药力,可兼服大蒜、胡荽以助发汗,若一服汗出病差，停后服，不必尽剂,先煮麻黄、桂枝，去上沫
E,下列各项，不属镇肝熄风汤和大定风珠汤所共有药物的是,白芍、甘草,龟板、牡蛎,龟板、甘草,白芍、牡蛎,鳖甲、牛膝
C,患者，男性，30岁，腰痛2周，伴左下肢后外侧放射痛1天，腿痛出现后自觉腰痛减轻。查体：平腰，腰椎右侧凸，L5～S1棘间左侧压痛，并放射至左下肢，直腿抬高试验左40度，右60度，左侧直腿抬高加强试验(+)，屈颈试验(+)，仰卧挺腹试验、(+)，腰椎X线片：L5～S1间隙变窄。该患者应诊断为：,急性腰骶关节扭伤,退行性脊柱炎,腰椎间盘突出症,腰肌劳损,强直性脊柱炎
B,舌尖红赤破碎属于,肝火上炎,心火上炎,肝肾阴虚，阴虚火旺,风热犯肺,胃火炽盛
C,按照药性升降浮沉理论，具有升浮药性的药物是,重镇安神药,平肝息风药,开窍药,清热药,泻下药
D,低钾血症时肠鸣音的变化是,肠鸣音正常,肠鸣音活跃,肠鸣音亢进,肠鸣音减弱,肠鸣音消失
C,"在""每一书已，向辄条其篇目，撮其旨意，录而奏之""中，""条""之义为(  )",枝条,分条目,分条列出,一条一条地,
C,"在""阳若同心，阴为浸润""中""阳""之义为(  )",公开,正面,表面上,当面,
C,具有清热解毒、清肺化痰功效的药物是,黄连,苦参,硼砂,乌梅,土茯苓
E,"中医病因学中，""六淫""指的是",风、寒、暑、湿、燥、火,六种正常的气候变化,六种病理变化现象,六种不同的气候变化,六种外感病邪的统称
D,"在""后以裁成天地之道，辅相天地之宜""中，""裁成""之义为(  )","犹""才成""，才完成",裁开,剪成,剪裁成就,
A,桡神经损伤出现：,腕下垂,拇指不能作对掌、外展活动，拇指、示指不能过伸，大鱼际萎缩,呈猿手畸形,拇指不能内收，其余四指不能作内收和外展运动，第四、五手指关节不能屈曲,呈爪形手
C,下列属于寒凉性能作用的是,温经,补火,清热,回阳,温里
